backend,n,variables,constraints,samples,sweeps,repeats,threads,checksum,construction_s,norm2,norm_relerr,max_support,train_s,sample_serial_s,sample_native_s,balanced_serial_s,balanced_native_s
OhMyU1,4,16,8,400,1,3,1,12867:9958400,0.8031444,24.000000000000004,1.4802973661668753e-16,9,0.0128048,0.0035825,0.0043351,0.0163873,0.0171399
OhMyU1,5,25,10,400,1,3,1,35838:12457000,0.2850645,120.0,0.0,19,0.0256486,0.0060851,0.007842,0.031733700000000004,0.0334906
OhMyU1,6,36,12,400,1,3,1,9510:14961600,0.3264708,720.0000000000002,3.1579677144893343e-16,34,0.03926,0.0098698,0.0116426,0.0491298,0.050902600000000006
OhMyU1,7,49,14,400,1,3,1,-37494:17473400,0.3304648,5040.000000000003,5.413658939124573e-16,69,0.065565,0.0141367,0.0190301,0.0797017,0.0845951
OhMyU1,8,64,16,400,1,3,1,33446:19993600,0.3532568,40320.00000000003,7.218211918832764e-16,125,0.1139698,0.019384,0.0236689,0.1333538,0.1376387
OhMyU1,9,81,18,400,1,3,1,-172256:22523400,0.3970658,362880.0000000005,1.4436423837665528e-15,251,0.2102895,0.0281192,0.0345299,0.2384087,0.2448194
OhMyU1,10,100,20,400,1,3,1,597771:25064000,0.4408246,3.6288000000000056e6,1.5398852093509897e-15,461,0.4364748,0.043549,0.0463256,0.4800238,0.4828004
ConstrainTNet,4,16,8,400,1,3,1,12867:9958400,55.9003379,24.000000000000004,1.4802973661668753e-16,9,2.3463331,0.4945903,0.4945903,2.8409234,2.8409234
ConstrainTNet,5,25,10,400,1,3,1,35838:12457000,0.2115149,120.0,0.0,19,3.8813053,0.8082211,0.8082211,4.6895264,4.6895264
ConstrainTNet,6,36,12,400,1,3,1,9510:14961600,0.5487622,720.0000000000002,3.1579677144893343e-16,34,6.6579557,1.1099452,1.1099452,7.7679009,7.7679009
ConstrainTNet,7,49,14,400,1,3,1,-37494:17473400,1.3230862,5040.000000000003,5.413658939124573e-16,69,11.673983,1.4822295,1.4822295,13.1562125,13.1562125
ConstrainTNet,8,64,16,400,1,3,1,33446:19993600,3.4683973,40320.00000000003,7.218211918832764e-16,125,21.5099237,1.9691349,1.9691349,23.479058600000002,23.479058600000002
ConstrainTNet,9,81,18,400,1,3,1,-172256:22523400,9.2556458,362880.0000000005,1.4436423837665528e-15,251,43.3700446,2.267001,2.267001,45.6370456,45.6370456
ConstrainTNet,10,100,20,400,1,3,1,597771:25064000,28.1836419,3.6288000000000056e6,1.5398852093509897e-15,461,104.6237532,2.9156518,2.9156518,107.539405,107.539405
