n,seed,mode,cut,sectors,degeneracy,blocks_total
2,20261010,sample,0,1,1,8
2,20261010,sample,1,2,1,8
2,20261010,sample,2,2,1,8
2,20261010,sample,3,2,1,8
2,20261010,sample,4,1,1,8
2,20261010,EELS,0,1,1,8
2,20261010,EELS,1,2,1,8
2,20261010,EELS,2,2,1,8
2,20261010,EELS,3,2,1,8
2,20261010,EELS,4,1,1,8
3,20261011,sample,0,1,1,32
3,20261011,sample,1,2,1,32
3,20261011,sample,2,3,1,32
3,20261011,sample,3,3,1,32
3,20261011,sample,4,5,1,32
3,20261011,sample,5,5,1,32
3,20261011,sample,6,3,1,32
3,20261011,sample,7,3,1,32
3,20261011,sample,8,2,1,32
3,20261011,sample,9,1,1,32
3,20261011,EELS,0,1,1,32
3,20261011,EELS,1,2,1,32
3,20261011,EELS,2,3,1,32
3,20261011,EELS,3,3,1,32
3,20261011,EELS,4,5,1,32
3,20261011,EELS,5,5,1,32
3,20261011,EELS,6,3,1,32
3,20261011,EELS,7,3,1,32
3,20261011,EELS,8,2,1,32
3,20261011,EELS,9,1,1,32
4,20261012,sample,0,1,1,100
4,20261012,sample,1,2,1,100
4,20261012,sample,2,3,1,100
4,20261012,sample,3,4,1,100
4,20261012,sample,4,4,1,100
4,20261012,sample,5,7,1,100
4,20261012,sample,6,9,1,100
4,20261012,sample,7,9,1,100
4,20261012,sample,8,6,1,100
4,20261012,sample,9,9,1,100
4,20261012,sample,10,9,1,100
4,20261012,sample,11,7,1,100
4,20261012,sample,12,4,1,100
4,20261012,sample,13,4,1,100
4,20261012,sample,14,3,1,100
4,20261012,sample,15,2,1,100
4,20261012,sample,16,1,1,100
4,20261012,EELS,0,1,1,100
4,20261012,EELS,1,2,1,100
4,20261012,EELS,2,3,1,100
4,20261012,EELS,3,4,1,100
4,20261012,EELS,4,4,1,100
4,20261012,EELS,5,7,1,100
4,20261012,EELS,6,9,1,100
4,20261012,EELS,7,9,1,100
4,20261012,EELS,8,6,1,100
4,20261012,EELS,9,9,1,100
4,20261012,EELS,10,9,1,100
4,20261012,EELS,11,7,1,100
4,20261012,EELS,12,4,1,100
4,20261012,EELS,13,4,1,100
4,20261012,EELS,14,3,1,100
4,20261012,EELS,15,2,1,100
4,20261012,EELS,16,1,1,100
5,20261013,sample,0,1,1,276
5,20261013,sample,1,2,1,276
5,20261013,sample,2,3,1,276
5,20261013,sample,3,4,1,276
5,20261013,sample,4,5,1,276
5,20261013,sample,5,5,1,276
5,20261013,sample,6,9,1,276
5,20261013,sample,7,12,1,276
5,20261013,sample,8,14,1,276
5,20261013,sample,9,14,1,276
5,20261013,sample,10,10,1,276
5,20261013,sample,11,16,1,276
5,20261013,sample,12,19,1,276
5,20261013,sample,13,19,1,276
5,20261013,sample,14,16,1,276
5,20261013,sample,15,10,1,276
5,20261013,sample,16,14,1,276
5,20261013,sample,17,14,1,276
5,20261013,sample,18,12,1,276
5,20261013,sample,19,9,1,276
5,20261013,sample,20,5,1,276
5,20261013,sample,21,5,1,276
5,20261013,sample,22,4,1,276
5,20261013,sample,23,3,1,276
5,20261013,sample,24,2,1,276
5,20261013,sample,25,1,1,276
5,20261013,EELS,0,1,1,276
5,20261013,EELS,1,2,1,276
5,20261013,EELS,2,3,1,276
5,20261013,EELS,3,4,1,276
5,20261013,EELS,4,5,1,276
5,20261013,EELS,5,5,1,276
5,20261013,EELS,6,9,1,276
5,20261013,EELS,7,12,1,276
5,20261013,EELS,8,14,1,276
5,20261013,EELS,9,14,1,276
5,20261013,EELS,10,10,1,276
5,20261013,EELS,11,16,1,276
5,20261013,EELS,12,19,1,276
5,20261013,EELS,13,19,1,276
5,20261013,EELS,14,16,1,276
5,20261013,EELS,15,10,1,276
5,20261013,EELS,16,14,1,276
5,20261013,EELS,17,14,1,276
5,20261013,EELS,18,12,1,276
5,20261013,EELS,19,9,1,276
5,20261013,EELS,20,5,1,276
5,20261013,EELS,21,5,1,276
5,20261013,EELS,22,4,1,276
5,20261013,EELS,23,3,1,276
5,20261013,EELS,24,2,1,276
5,20261013,EELS,25,1,1,276
6,20261014,sample,0,1,1,708
6,20261014,sample,1,2,1,708
6,20261014,sample,2,3,1,708
6,20261014,sample,3,4,1,708
6,20261014,sample,4,5,1,708
6,20261014,sample,5,6,1,708
6,20261014,sample,6,6,1,708
6,20261014,sample,7,11,1,708
6,20261014,sample,8,15,1,708
6,20261014,sample,9,18,1,708
6,20261014,sample,10,20,1,708
6,20261014,sample,11,20,1,708
6,20261014,sample,12,15,1,708
6,20261014,sample,13,25,1,708
6,20261014,sample,14,31,1,708
6,20261014,sample,15,34,1,708
6,20261014,sample,16,34,1,708
6,20261014,sample,17,30,1,708
6,20261014,sample,18,20,1,708
6,20261014,sample,19,30,1,708
6,20261014,sample,20,34,1,708
6,20261014,sample,21,34,1,708
6,20261014,sample,22,31,1,708
6,20261014,sample,23,25,1,708
6,20261014,sample,24,15,1,708
6,20261014,sample,25,20,1,708
6,20261014,sample,26,20,1,708
6,20261014,sample,27,18,1,708
6,20261014,sample,28,15,1,708
6,20261014,sample,29,11,1,708
6,20261014,sample,30,6,1,708
6,20261014,sample,31,6,1,708
6,20261014,sample,32,5,1,708
6,20261014,sample,33,4,1,708
6,20261014,sample,34,3,1,708
6,20261014,sample,35,2,1,708
6,20261014,sample,36,1,1,708
6,20261014,EELS,0,1,1,708
6,20261014,EELS,1,2,1,708
6,20261014,EELS,2,3,1,708
6,20261014,EELS,3,4,1,708
6,20261014,EELS,4,5,1,708
6,20261014,EELS,5,6,1,708
6,20261014,EELS,6,6,1,708
6,20261014,EELS,7,11,1,708
6,20261014,EELS,8,15,1,708
6,20261014,EELS,9,18,1,708
6,20261014,EELS,10,20,1,708
6,20261014,EELS,11,20,1,708
6,20261014,EELS,12,15,1,708
6,20261014,EELS,13,25,1,708
6,20261014,EELS,14,31,1,708
6,20261014,EELS,15,34,1,708
6,20261014,EELS,16,34,1,708
6,20261014,EELS,17,30,1,708
6,20261014,EELS,18,20,1,708
6,20261014,EELS,19,30,1,708
6,20261014,EELS,20,34,1,708
6,20261014,EELS,21,34,1,708
6,20261014,EELS,22,31,1,708
6,20261014,EELS,23,25,1,708
6,20261014,EELS,24,15,1,708
6,20261014,EELS,25,20,1,708
6,20261014,EELS,26,20,1,708
6,20261014,EELS,27,18,1,708
6,20261014,EELS,28,15,1,708
6,20261014,EELS,29,11,1,708
6,20261014,EELS,30,6,1,708
6,20261014,EELS,31,6,1,708
6,20261014,EELS,32,5,1,708
6,20261014,EELS,33,4,1,708
6,20261014,EELS,34,3,1,708
6,20261014,EELS,35,2,1,708
6,20261014,EELS,36,1,1,708
7,20261015,sample,0,1,1,1718
7,20261015,sample,1,2,1,1718
7,20261015,sample,2,3,1,1718
7,20261015,sample,3,4,1,1718
7,20261015,sample,4,5,1,1718
7,20261015,sample,5,6,1,1718
7,20261015,sample,6,7,1,1718
7,20261015,sample,7,7,1,1718
7,20261015,sample,8,13,1,1718
7,20261015,sample,9,18,1,1718
7,20261015,sample,10,22,1,1718
7,20261015,sample,11,25,1,1718
7,20261015,sample,12,27,1,1718
7,20261015,sample,13,27,1,1718
7,20261015,sample,14,21,1,1718
7,20261015,sample,15,36,1,1718
7,20261015,sample,16,46,1,1718
7,20261015,sample,17,52,1,1718
7,20261015,sample,18,55,1,1718
7,20261015,sample,19,55,1,1718
7,20261015,sample,20,49,1,1718
7,20261015,sample,21,35,1,1718
7,20261015,sample,22,54,1,1718
7,20261015,sample,23,64,1,1718
7,20261015,sample,24,69,1,1718
7,20261015,sample,25,69,1,1718
7,20261015,sample,26,64,1,1718
7,20261015,sample,27,55,1,1718
7,20261015,sample,28,35,1,1718
7,20261015,sample,29,50,1,1718
7,20261015,sample,30,55,1,1718
7,20261015,sample,31,54,1,1718
7,20261015,sample,32,51,1,1718
7,20261015,sample,33,44,1,1718
7,20261015,sample,34,36,1,1718
7,20261015,sample,35,21,1,1718
7,20261015,sample,36,27,1,1718
7,20261015,sample,37,27,1,1718
7,20261015,sample,38,25,1,1718
7,20261015,sample,39,22,1,1718
7,20261015,sample,40,18,1,1718
7,20261015,sample,41,13,1,1718
7,20261015,sample,42,7,1,1718
7,20261015,sample,43,7,1,1718
7,20261015,sample,44,6,1,1718
7,20261015,sample,45,5,1,1718
7,20261015,sample,46,4,1,1718
7,20261015,sample,47,3,1,1718
7,20261015,sample,48,2,1,1718
7,20261015,sample,49,1,1,1718
7,20261015,EELS,0,1,1,1726
7,20261015,EELS,1,2,1,1726
7,20261015,EELS,2,3,1,1726
7,20261015,EELS,3,4,1,1726
7,20261015,EELS,4,5,1,1726
7,20261015,EELS,5,6,1,1726
7,20261015,EELS,6,7,1,1726
7,20261015,EELS,7,7,1,1726
7,20261015,EELS,8,13,1,1726
7,20261015,EELS,9,18,1,1726
7,20261015,EELS,10,22,1,1726
7,20261015,EELS,11,25,1,1726
7,20261015,EELS,12,27,1,1726
7,20261015,EELS,13,27,1,1726
7,20261015,EELS,14,21,1,1726
7,20261015,EELS,15,36,1,1726
7,20261015,EELS,16,46,1,1726
7,20261015,EELS,17,52,1,1726
7,20261015,EELS,18,55,1,1726
7,20261015,EELS,19,55,1,1726
7,20261015,EELS,20,50,1,1726
7,20261015,EELS,21,35,1,1726
7,20261015,EELS,22,54,1,1726
7,20261015,EELS,23,64,1,1726
7,20261015,EELS,24,69,1,1726
7,20261015,EELS,25,69,1,1726
7,20261015,EELS,26,65,1,1726
7,20261015,EELS,27,55,1,1726
7,20261015,EELS,28,35,1,1726
7,20261015,EELS,29,50,1,1726
7,20261015,EELS,30,55,1,1726
7,20261015,EELS,31,55,1,1726
7,20261015,EELS,32,51,1,1726
7,20261015,EELS,33,45,1,1726
7,20261015,EELS,34,36,1,1726
7,20261015,EELS,35,21,1,1726
7,20261015,EELS,36,27,1,1726
7,20261015,EELS,37,27,1,1726
7,20261015,EELS,38,25,1,1726
7,20261015,EELS,39,22,1,1726
7,20261015,EELS,40,18,1,1726
7,20261015,EELS,41,13,1,1726
7,20261015,EELS,42,7,1,1726
7,20261015,EELS,43,7,1,1726
7,20261015,EELS,44,6,1,1726
7,20261015,EELS,45,5,1,1726
7,20261015,EELS,46,4,1,1726
7,20261015,EELS,47,3,1,1726
7,20261015,EELS,48,2,1,1726
7,20261015,EELS,49,1,1,1726
8,20261016,sample,0,1,1,3809
8,20261016,sample,1,2,1,3809
8,20261016,sample,2,3,1,3809
8,20261016,sample,3,4,1,3809
8,20261016,sample,4,5,1,3809
8,20261016,sample,5,6,1,3809
8,20261016,sample,6,7,1,3809
8,20261016,sample,7,8,1,3809
8,20261016,sample,8,8,1,3809
8,20261016,sample,9,15,1,3809
8,20261016,sample,10,21,1,3809
8,20261016,sample,11,26,1,3809
8,20261016,sample,12,30,1,3809
8,20261016,sample,13,33,1,3809
8,20261016,sample,14,35,1,3809
8,20261016,sample,15,35,1,3809
8,20261016,sample,16,28,1,3809
8,20261016,sample,17,45,1,3809
8,20261016,sample,18,60,1,3809
8,20261016,sample,19,70,1,3809
8,20261016,sample,20,76,1,3809
8,20261016,sample,21,81,1,3809
8,20261016,sample,22,80,1,3809
8,20261016,sample,23,73,1,3809
8,20261016,sample,24,56,1,3809
8,20261016,sample,25,80,1,3809
8,20261016,sample,26,97,1,3809
8,20261016,sample,27,110,1,3809
8,20261016,sample,28,113,1,3809
8,20261016,sample,29,121,1,3809
8,20261016,sample,30,112,1,3809
8,20261016,sample,31,99,1,3809
8,20261016,sample,32,70,1,3809
8,20261016,sample,33,95,1,3809
8,20261016,sample,34,108,1,3809
8,20261016,sample,35,113,1,3809
8,20261016,sample,36,116,1,3809
8,20261016,sample,37,112,1,3809
8,20261016,sample,38,97,1,3809
8,20261016,sample,39,82,1,3809
8,20261016,sample,40,55,1,3809
8,20261016,sample,41,72,1,3809
8,20261016,sample,42,82,1,3809
8,20261016,sample,43,81,1,3809
8,20261016,sample,44,77,1,3809
8,20261016,sample,45,70,1,3809
8,20261016,sample,46,61,1,3809
8,20261016,sample,47,46,1,3809
8,20261016,sample,48,28,1,3809
8,20261016,sample,49,35,1,3809
8,20261016,sample,50,35,1,3809
8,20261016,sample,51,33,1,3809
8,20261016,sample,52,30,1,3809
8,20261016,sample,53,26,1,3809
8,20261016,sample,54,21,1,3809
8,20261016,sample,55,15,1,3809
8,20261016,sample,56,8,1,3809
8,20261016,sample,57,8,1,3809
8,20261016,sample,58,7,1,3809
8,20261016,sample,59,6,1,3809
8,20261016,sample,60,5,1,3809
8,20261016,sample,61,4,1,3809
8,20261016,sample,62,3,1,3809
8,20261016,sample,63,2,1,3809
8,20261016,sample,64,1,1,3809
8,20261016,EELS,0,1,1,3895
8,20261016,EELS,1,2,1,3895
8,20261016,EELS,2,3,1,3895
8,20261016,EELS,3,4,1,3895
8,20261016,EELS,4,5,1,3895
8,20261016,EELS,5,6,1,3895
8,20261016,EELS,6,7,1,3895
8,20261016,EELS,7,8,1,3895
8,20261016,EELS,8,8,1,3895
8,20261016,EELS,9,15,1,3895
8,20261016,EELS,10,21,1,3895
8,20261016,EELS,11,26,1,3895
8,20261016,EELS,12,30,1,3895
8,20261016,EELS,13,33,1,3895
8,20261016,EELS,14,35,1,3895
8,20261016,EELS,15,35,1,3895
8,20261016,EELS,16,28,1,3895
8,20261016,EELS,17,46,1,3895
8,20261016,EELS,18,60,1,3895
8,20261016,EELS,19,70,1,3895
8,20261016,EELS,20,76,1,3895
8,20261016,EELS,21,81,1,3895
8,20261016,EELS,22,80,1,3895
8,20261016,EELS,23,76,1,3895
8,20261016,EELS,24,56,1,3895
8,20261016,EELS,25,82,1,3895
8,20261016,EELS,26,99,1,3895
8,20261016,EELS,27,110,1,3895
8,20261016,EELS,28,118,1,3895
8,20261016,EELS,29,122,1,3895
8,20261016,EELS,30,116,1,3895
8,20261016,EELS,31,102,1,3895
8,20261016,EELS,32,70,1,3895
8,20261016,EELS,33,99,1,3895
8,20261016,EELS,34,112,1,3895
8,20261016,EELS,35,116,1,3895
8,20261016,EELS,36,117,1,3895
8,20261016,EELS,37,113,1,3895
8,20261016,EELS,38,99,1,3895
8,20261016,EELS,39,82,1,3895
8,20261016,EELS,40,55,1,3895
8,20261016,EELS,41,75,1,3895
8,20261016,EELS,42,82,1,3895
8,20261016,EELS,43,82,1,3895
8,20261016,EELS,44,77,1,3895
8,20261016,EELS,45,70,1,3895
8,20261016,EELS,46,62,1,3895
8,20261016,EELS,47,48,1,3895
8,20261016,EELS,48,28,1,3895
8,20261016,EELS,49,35,1,3895
8,20261016,EELS,50,35,1,3895
8,20261016,EELS,51,33,1,3895
8,20261016,EELS,52,30,1,3895
8,20261016,EELS,53,26,1,3895
8,20261016,EELS,54,21,1,3895
8,20261016,EELS,55,15,1,3895
8,20261016,EELS,56,8,1,3895
8,20261016,EELS,57,8,1,3895
8,20261016,EELS,58,7,1,3895
8,20261016,EELS,59,6,1,3895
8,20261016,EELS,60,5,1,3895
8,20261016,EELS,61,4,1,3895
8,20261016,EELS,62,3,1,3895
8,20261016,EELS,63,2,1,3895
8,20261016,EELS,64,1,1,3895
9,20261017,sample,0,1,1,7726
9,20261017,sample,1,2,1,7726
9,20261017,sample,2,3,1,7726
9,20261017,sample,3,4,1,7726
9,20261017,sample,4,5,1,7726
9,20261017,sample,5,6,1,7726
9,20261017,sample,6,7,1,7726
9,20261017,sample,7,8,1,7726
9,20261017,sample,8,9,1,7726
9,20261017,sample,9,9,1,7726
9,20261017,sample,10,17,1,7726
9,20261017,sample,11,24,1,7726
9,20261017,sample,12,30,1,7726
9,20261017,sample,13,35,1,7726
9,20261017,sample,14,39,1,7726
9,20261017,sample,15,42,1,7726
9,20261017,sample,16,44,1,7726
9,20261017,sample,17,44,1,7726
9,20261017,sample,18,36,1,7726
9,20261017,sample,19,57,1,7726
9,20261017,sample,20,72,1,7726
9,20261017,sample,21,87,1,7726
9,20261017,sample,22,97,1,7726
9,20261017,sample,23,110,1,7726
9,20261017,sample,24,112,1,7726
9,20261017,sample,25,112,1,7726
9,20261017,sample,26,104,1,7726
9,20261017,sample,27,84,1,7726
9,20261017,sample,28,112,1,7726
9,20261017,sample,29,135,1,7726
9,20261017,sample,30,153,1,7726
9,20261017,sample,31,168,1,7726
9,20261017,sample,32,174,1,7726
9,20261017,sample,33,170,1,7726
9,20261017,sample,34,162,1,7726
9,20261017,sample,35,145,1,7726
9,20261017,sample,36,117,1,7726
9,20261017,sample,37,152,1,7726
9,20261017,sample,38,175,1,7726
9,20261017,sample,39,189,1,7726
9,20261017,sample,40,195,1,7726
9,20261017,sample,41,195,1,7726
9,20261017,sample,42,190,1,7726
9,20261017,sample,43,176,1,7726
9,20261017,sample,44,154,1,7726
9,20261017,sample,45,121,1,7726
9,20261017,sample,46,146,1,7726
9,20261017,sample,47,166,1,7726
9,20261017,sample,48,173,1,7726
9,20261017,sample,49,175,1,7726
9,20261017,sample,50,168,1,7726
9,20261017,sample,51,156,1,7726
9,20261017,sample,52,139,1,7726
9,20261017,sample,53,111,1,7726
9,20261017,sample,54,84,1,7726
9,20261017,sample,55,105,1,7726
9,20261017,sample,56,113,1,7726
9,20261017,sample,57,114,1,7726
9,20261017,sample,58,110,1,7726
9,20261017,sample,59,100,1,7726
9,20261017,sample,60,91,1,7726
9,20261017,sample,61,74,1,7726
9,20261017,sample,62,58,1,7726
9,20261017,sample,63,36,1,7726
9,20261017,sample,64,44,1,7726
9,20261017,sample,65,44,1,7726
9,20261017,sample,66,42,1,7726
9,20261017,sample,67,39,1,7726
9,20261017,sample,68,35,1,7726
9,20261017,sample,69,30,1,7726
9,20261017,sample,70,24,1,7726
9,20261017,sample,71,17,1,7726
9,20261017,sample,72,9,1,7726
9,20261017,sample,73,9,1,7726
9,20261017,sample,74,8,1,7726
9,20261017,sample,75,7,1,7726
9,20261017,sample,76,6,1,7726
9,20261017,sample,77,5,1,7726
9,20261017,sample,78,4,1,7726
9,20261017,sample,79,3,1,7726
9,20261017,sample,80,2,1,7726
9,20261017,sample,81,1,1,7726
9,20261017,EELS,0,1,1,8050
9,20261017,EELS,1,2,1,8050
9,20261017,EELS,2,3,1,8050
9,20261017,EELS,3,4,1,8050
9,20261017,EELS,4,5,1,8050
9,20261017,EELS,5,6,1,8050
9,20261017,EELS,6,7,1,8050
9,20261017,EELS,7,8,1,8050
9,20261017,EELS,8,9,1,8050
9,20261017,EELS,9,9,1,8050
9,20261017,EELS,10,17,1,8050
9,20261017,EELS,11,24,1,8050
9,20261017,EELS,12,30,1,8050
9,20261017,EELS,13,35,1,8050
9,20261017,EELS,14,39,1,8050
9,20261017,EELS,15,42,1,8050
9,20261017,EELS,16,44,1,8050
9,20261017,EELS,17,44,1,8050
9,20261017,EELS,18,36,1,8050
9,20261017,EELS,19,58,1,8050
9,20261017,EELS,20,74,1,8050
9,20261017,EELS,21,87,1,8050
9,20261017,EELS,22,100,1,8050
9,20261017,EELS,23,110,1,8050
9,20261017,EELS,24,112,1,8050
9,20261017,EELS,25,116,1,8050
9,20261017,EELS,26,110,1,8050
9,20261017,EELS,27,84,1,8050
9,20261017,EELS,28,118,1,8050
9,20261017,EELS,29,141,1,8050
9,20261017,EELS,30,159,1,8050
9,20261017,EELS,31,171,1,8050
9,20261017,EELS,32,176,1,8050
9,20261017,EELS,33,174,1,8050
9,20261017,EELS,34,167,1,8050
9,20261017,EELS,35,156,1,8050
9,20261017,EELS,36,117,1,8050
9,20261017,EELS,37,158,1,8050
9,20261017,EELS,38,183,1,8050
9,20261017,EELS,39,197,1,8050
9,20261017,EELS,40,204,1,8050
9,20261017,EELS,41,198,1,8050
9,20261017,EELS,42,196,1,8050
9,20261017,EELS,43,181,1,8050
9,20261017,EELS,44,162,1,8050
9,20261017,EELS,45,121,1,8050
9,20261017,EELS,46,157,1,8050
9,20261017,EELS,47,172,1,8050
9,20261017,EELS,48,179,1,8050
9,20261017,EELS,49,177,1,8050
9,20261017,EELS,50,171,1,8050
9,20261017,EELS,51,162,1,8050
9,20261017,EELS,52,141,1,8050
9,20261017,EELS,53,115,1,8050
9,20261017,EELS,54,84,1,8050
9,20261017,EELS,55,109,1,8050
9,20261017,EELS,56,114,1,8050
9,20261017,EELS,57,114,1,8050
9,20261017,EELS,58,110,1,8050
9,20261017,EELS,59,100,1,8050
9,20261017,EELS,60,92,1,8050
9,20261017,EELS,61,77,1,8050
9,20261017,EELS,62,59,1,8050
9,20261017,EELS,63,36,1,8050
9,20261017,EELS,64,44,1,8050
9,20261017,EELS,65,44,1,8050
9,20261017,EELS,66,42,1,8050
9,20261017,EELS,67,39,1,8050
9,20261017,EELS,68,35,1,8050
9,20261017,EELS,69,30,1,8050
9,20261017,EELS,70,24,1,8050
9,20261017,EELS,71,17,1,8050
9,20261017,EELS,72,9,1,8050
9,20261017,EELS,73,9,1,8050
9,20261017,EELS,74,8,1,8050
9,20261017,EELS,75,7,1,8050
9,20261017,EELS,76,6,1,8050
9,20261017,EELS,77,5,1,8050
9,20261017,EELS,78,4,1,8050
9,20261017,EELS,79,3,1,8050
9,20261017,EELS,80,2,1,8050
9,20261017,EELS,81,1,1,8050
10,20261018,sample,0,1,1,13599
10,20261018,sample,1,2,1,13599
10,20261018,sample,2,3,1,13599
10,20261018,sample,3,4,1,13599
10,20261018,sample,4,5,1,13599
10,20261018,sample,5,6,1,13599
10,20261018,sample,6,7,1,13599
10,20261018,sample,7,8,1,13599
10,20261018,sample,8,9,1,13599
10,20261018,sample,9,10,1,13599
10,20261018,sample,10,10,1,13599
10,20261018,sample,11,18,1,13599
10,20261018,sample,12,26,1,13599
10,20261018,sample,13,33,1,13599
10,20261018,sample,14,39,1,13599
10,20261018,sample,15,44,1,13599
10,20261018,sample,16,47,1,13599
10,20261018,sample,17,50,1,13599
10,20261018,sample,18,52,1,13599
10,20261018,sample,19,53,1,13599
10,20261018,sample,20,45,1,13599
10,20261018,sample,21,68,1,13599
10,20261018,sample,22,89,1,13599
10,20261018,sample,23,104,1,13599
10,20261018,sample,24,118,1,13599
10,20261018,sample,25,130,1,13599
10,20261018,sample,26,137,1,13599
10,20261018,sample,27,145,1,13599
10,20261018,sample,28,148,1,13599
10,20261018,sample,29,141,1,13599
10,20261018,sample,30,117,1,13599
10,20261018,sample,31,151,1,13599
10,20261018,sample,32,175,1,13599
10,20261018,sample,33,196,1,13599
10,20261018,sample,34,216,1,13599
10,20261018,sample,35,228,1,13599
10,20261018,sample,36,231,1,13599
10,20261018,sample,37,234,1,13599
10,20261018,sample,38,226,1,13599
10,20261018,sample,39,202,1,13599
10,20261018,sample,40,182,1,13599
10,20261018,sample,41,210,1,13599
10,20261018,sample,42,237,1,13599
10,20261018,sample,43,250,1,13599
10,20261018,sample,44,260,1,13599
10,20261018,sample,45,267,1,13599
10,20261018,sample,46,265,1,13599
10,20261018,sample,47,263,1,13599
10,20261018,sample,48,248,1,13599
10,20261018,sample,49,225,1,13599
10,20261018,sample,50,204,1,13599
10,20261018,sample,51,226,1,13599
10,20261018,sample,52,236,1,13599
10,20261018,sample,53,251,1,13599
10,20261018,sample,54,257,1,13599
10,20261018,sample,55,256,1,13599
10,20261018,sample,56,249,1,13599
10,20261018,sample,57,231,1,13599
10,20261018,sample,58,218,1,13599
10,20261018,sample,59,193,1,13599
10,20261018,sample,60,170,1,13599
10,20261018,sample,61,198,1,13599
10,20261018,sample,62,217,1,13599
10,20261018,sample,63,219,1,13599
10,20261018,sample,64,219,1,13599
10,20261018,sample,65,216,1,13599
10,20261018,sample,66,206,1,13599
10,20261018,sample,67,186,1,13599
10,20261018,sample,68,166,1,13599
10,20261018,sample,69,139,1,13599
10,20261018,sample,70,114,1,13599
10,20261018,sample,71,140,1,13599
10,20261018,sample,72,151,1,13599
10,20261018,sample,73,148,1,13599
10,20261018,sample,74,145,1,13599
10,20261018,sample,75,137,1,13599
10,20261018,sample,76,123,1,13599
10,20261018,sample,77,105,1,13599
10,20261018,sample,78,88,1,13599
10,20261018,sample,79,67,1,13599
10,20261018,sample,80,45,1,13599
10,20261018,sample,81,54,1,13599
10,20261018,sample,82,53,1,13599
10,20261018,sample,83,51,1,13599
10,20261018,sample,84,48,1,13599
10,20261018,sample,85,44,1,13599
10,20261018,sample,86,39,1,13599
10,20261018,sample,87,33,1,13599
10,20261018,sample,88,26,1,13599
10,20261018,sample,89,19,1,13599
10,20261018,sample,90,10,1,13599
10,20261018,sample,91,10,1,13599
10,20261018,sample,92,9,1,13599
10,20261018,sample,93,8,1,13599
10,20261018,sample,94,7,1,13599
10,20261018,sample,95,6,1,13599
10,20261018,sample,96,5,1,13599
10,20261018,sample,97,4,1,13599
10,20261018,sample,98,3,1,13599
10,20261018,sample,99,2,1,13599
10,20261018,sample,100,1,1,13599
10,20261018,EELS,0,1,1,14243
10,20261018,EELS,1,2,1,14243
10,20261018,EELS,2,3,1,14243
10,20261018,EELS,3,4,1,14243
10,20261018,EELS,4,5,1,14243
10,20261018,EELS,5,6,1,14243
10,20261018,EELS,6,7,1,14243
10,20261018,EELS,7,8,1,14243
10,20261018,EELS,8,9,1,14243
10,20261018,EELS,9,10,1,14243
10,20261018,EELS,10,10,1,14243
10,20261018,EELS,11,18,1,14243
10,20261018,EELS,12,26,1,14243
10,20261018,EELS,13,33,1,14243
10,20261018,EELS,14,39,1,14243
10,20261018,EELS,15,44,1,14243
10,20261018,EELS,16,47,1,14243
10,20261018,EELS,17,50,1,14243
10,20261018,EELS,18,52,1,14243
10,20261018,EELS,19,53,1,14243
10,20261018,EELS,20,45,1,14243
10,20261018,EELS,21,68,1,14243
10,20261018,EELS,22,90,1,14243
10,20261018,EELS,23,107,1,14243
10,20261018,EELS,24,119,1,14243
10,20261018,EELS,25,132,1,14243
10,20261018,EELS,26,141,1,14243
10,20261018,EELS,27,146,1,14243
10,20261018,EELS,28,152,1,14243
10,20261018,EELS,29,145,1,14243
10,20261018,EELS,30,117,1,14243
10,20261018,EELS,31,155,1,14243
10,20261018,EELS,32,181,1,14243
10,20261018,EELS,33,201,1,14243
10,20261018,EELS,34,221,1,14243
10,20261018,EELS,35,229,1,14243
10,20261018,EELS,36,237,1,14243
10,20261018,EELS,37,247,1,14243
10,20261018,EELS,38,240,1,14243
10,20261018,EELS,39,222,1,14243
10,20261018,EELS,40,182,1,14243
10,20261018,EELS,41,222,1,14243
10,20261018,EELS,42,243,1,14243
10,20261018,EELS,43,257,1,14243
10,20261018,EELS,44,262,1,14243
10,20261018,EELS,45,275,1,14243
10,20261018,EELS,46,272,1,14243
10,20261018,EELS,47,273,1,14243
10,20261018,EELS,48,259,1,14243
10,20261018,EELS,49,240,1,14243
10,20261018,EELS,50,204,1,14243
10,20261018,EELS,51,236,1,14243
10,20261018,EELS,52,246,1,14243
10,20261018,EELS,53,259,1,14243
10,20261018,EELS,54,262,1,14243
10,20261018,EELS,55,265,1,14243
10,20261018,EELS,56,255,1,14243
10,20261018,EELS,57,236,1,14243
10,20261018,EELS,58,223,1,14243
10,20261018,EELS,59,203,1,14243
10,20261018,EELS,60,170,1,14243
10,20261018,EELS,61,205,1,14243
10,20261018,EELS,62,227,1,14243
10,20261018,EELS,63,226,1,14243
10,20261018,EELS,64,228,1,14243
10,20261018,EELS,65,225,1,14243
10,20261018,EELS,66,211,1,14243
10,20261018,EELS,67,192,1,14243
10,20261018,EELS,68,173,1,14243
10,20261018,EELS,69,146,1,14243
10,20261018,EELS,70,114,1,14243
10,20261018,EELS,71,144,1,14243
10,20261018,EELS,72,151,1,14243
10,20261018,EELS,73,150,1,14243
10,20261018,EELS,74,147,1,14243
10,20261018,EELS,75,137,1,14243
10,20261018,EELS,76,123,1,14243
10,20261018,EELS,77,107,1,14243
10,20261018,EELS,78,90,1,14243
10,20261018,EELS,79,70,1,14243
10,20261018,EELS,80,45,1,14243
10,20261018,EELS,81,54,1,14243
10,20261018,EELS,82,53,1,14243
10,20261018,EELS,83,51,1,14243
10,20261018,EELS,84,48,1,14243
10,20261018,EELS,85,44,1,14243
10,20261018,EELS,86,39,1,14243
10,20261018,EELS,87,33,1,14243
10,20261018,EELS,88,26,1,14243
10,20261018,EELS,89,19,1,14243
10,20261018,EELS,90,10,1,14243
10,20261018,EELS,91,10,1,14243
10,20261018,EELS,92,9,1,14243
10,20261018,EELS,93,8,1,14243
10,20261018,EELS,94,7,1,14243
10,20261018,EELS,95,6,1,14243
10,20261018,EELS,96,5,1,14243
10,20261018,EELS,97,4,1,14243
10,20261018,EELS,98,3,1,14243
10,20261018,EELS,99,2,1,14243
10,20261018,EELS,100,1,1,14243
11,20261019,sample,0,1,1,21331
11,20261019,sample,1,2,1,21331
11,20261019,sample,2,3,1,21331
11,20261019,sample,3,4,1,21331
11,20261019,sample,4,5,1,21331
11,20261019,sample,5,6,1,21331
11,20261019,sample,6,7,1,21331
11,20261019,sample,7,8,1,21331
11,20261019,sample,8,9,1,21331
11,20261019,sample,9,10,1,21331
11,20261019,sample,10,11,1,21331
11,20261019,sample,11,11,1,21331
11,20261019,sample,12,21,1,21331
11,20261019,sample,13,30,1,21331
11,20261019,sample,14,38,1,21331
11,20261019,sample,15,44,1,21331
11,20261019,sample,16,51,1,21331
11,20261019,sample,17,56,1,21331
11,20261019,sample,18,60,1,21331
11,20261019,sample,19,63,1,21331
11,20261019,sample,20,65,1,21331
11,20261019,sample,21,64,1,21331
11,20261019,sample,22,55,1,21331
11,20261019,sample,23,79,1,21331
11,20261019,sample,24,99,1,21331
11,20261019,sample,25,118,1,21331
11,20261019,sample,26,141,1,21331
11,20261019,sample,27,154,1,21331
11,20261019,sample,28,167,1,21331
11,20261019,sample,29,177,1,21331
11,20261019,sample,30,182,1,21331
11,20261019,sample,31,181,1,21331
11,20261019,sample,32,174,1,21331
11,20261019,sample,33,153,1,21331
11,20261019,sample,34,188,1,21331
11,20261019,sample,35,215,1,21331
11,20261019,sample,36,233,1,21331
11,20261019,sample,37,251,1,21331
11,20261019,sample,38,263,1,21331
11,20261019,sample,39,277,1,21331
11,20261019,sample,40,276,1,21331
11,20261019,sample,41,274,1,21331
11,20261019,sample,42,262,1,21331
11,20261019,sample,43,248,1,21331
11,20261019,sample,44,234,1,21331
11,20261019,sample,45,261,1,21331
11,20261019,sample,46,279,1,21331
11,20261019,sample,47,294,1,21331
11,20261019,sample,48,309,1,21331
11,20261019,sample,49,313,1,21331
11,20261019,sample,50,316,1,21331
11,20261019,sample,51,314,1,21331
11,20261019,sample,52,304,1,21331
11,20261019,sample,53,297,1,21331
11,20261019,sample,54,284,1,21331
11,20261019,sample,55,266,1,21331
11,20261019,sample,56,288,1,21331
11,20261019,sample,57,300,1,21331
11,20261019,sample,58,309,1,21331
11,20261019,sample,59,315,1,21331
11,20261019,sample,60,318,1,21331
11,20261019,sample,61,322,1,21331
11,20261019,sample,62,312,1,21331
11,20261019,sample,63,305,1,21331
11,20261019,sample,64,296,1,21331
11,20261019,sample,65,283,1,21331
11,20261019,sample,66,264,1,21331
11,20261019,sample,67,276,1,21331
11,20261019,sample,68,288,1,21331
11,20261019,sample,69,296,1,21331
11,20261019,sample,70,303,1,21331
11,20261019,sample,71,302,1,21331
11,20261019,sample,72,299,1,21331
11,20261019,sample,73,296,1,21331
11,20261019,sample,74,291,1,21331
11,20261019,sample,75,278,1,21331
11,20261019,sample,76,260,1,21331
11,20261019,sample,77,231,1,21331
11,20261019,sample,78,256,1,21331
11,20261019,sample,79,271,1,21331
11,20261019,sample,80,277,1,21331
11,20261019,sample,81,272,1,21331
11,20261019,sample,82,265,1,21331
11,20261019,sample,83,251,1,21331
11,20261019,sample,84,232,1,21331
11,20261019,sample,85,220,1,21331
11,20261019,sample,86,203,1,21331
11,20261019,sample,87,181,1,21331
11,20261019,sample,88,154,1,21331
11,20261019,sample,89,176,1,21331
11,20261019,sample,90,179,1,21331
11,20261019,sample,91,179,1,21331
11,20261019,sample,92,172,1,21331
11,20261019,sample,93,163,1,21331
11,20261019,sample,94,154,1,21331
11,20261019,sample,95,144,1,21331
11,20261019,sample,96,121,1,21331
11,20261019,sample,97,99,1,21331
11,20261019,sample,98,76,1,21331
11,20261019,sample,99,55,1,21331
11,20261019,sample,100,64,1,21331
11,20261019,sample,101,63,1,21331
11,20261019,sample,102,61,1,21331
11,20261019,sample,103,58,1,21331
11,20261019,sample,104,54,1,21331
11,20261019,sample,105,50,1,21331
11,20261019,sample,106,45,1,21331
11,20261019,sample,107,38,1,21331
11,20261019,sample,108,30,1,21331
11,20261019,sample,109,21,1,21331
11,20261019,sample,110,11,1,21331
11,20261019,sample,111,11,1,21331
11,20261019,sample,112,10,1,21331
11,20261019,sample,113,9,1,21331
11,20261019,sample,114,8,1,21331
11,20261019,sample,115,7,1,21331
11,20261019,sample,116,6,1,21331
11,20261019,sample,117,5,1,21331
11,20261019,sample,118,4,1,21331
11,20261019,sample,119,3,1,21331
11,20261019,sample,120,2,1,21331
11,20261019,sample,121,1,1,21331
11,20261019,EELS,0,1,1,22211
11,20261019,EELS,1,2,1,22211
11,20261019,EELS,2,3,1,22211
11,20261019,EELS,3,4,1,22211
11,20261019,EELS,4,5,1,22211
11,20261019,EELS,5,6,1,22211
11,20261019,EELS,6,7,1,22211
11,20261019,EELS,7,8,1,22211
11,20261019,EELS,8,9,1,22211
11,20261019,EELS,9,10,1,22211
11,20261019,EELS,10,11,1,22211
11,20261019,EELS,11,11,1,22211
11,20261019,EELS,12,21,1,22211
11,20261019,EELS,13,30,1,22211
11,20261019,EELS,14,38,1,22211
11,20261019,EELS,15,45,1,22211
11,20261019,EELS,16,51,1,22211
11,20261019,EELS,17,56,1,22211
11,20261019,EELS,18,60,1,22211
11,20261019,EELS,19,63,1,22211
11,20261019,EELS,20,65,1,22211
11,20261019,EELS,21,65,1,22211
11,20261019,EELS,22,55,1,22211
11,20261019,EELS,23,82,1,22211
11,20261019,EELS,24,100,1,22211
11,20261019,EELS,25,120,1,22211
11,20261019,EELS,26,141,1,22211
11,20261019,EELS,27,156,1,22211
11,20261019,EELS,28,168,1,22211
11,20261019,EELS,29,177,1,22211
11,20261019,EELS,30,183,1,22211
11,20261019,EELS,31,187,1,22211
11,20261019,EELS,32,184,1,22211
11,20261019,EELS,33,153,1,22211
11,20261019,EELS,34,193,1,22211
11,20261019,EELS,35,221,1,22211
11,20261019,EELS,36,239,1,22211
11,20261019,EELS,37,255,1,22211
11,20261019,EELS,38,278,1,22211
11,20261019,EELS,39,287,1,22211
11,20261019,EELS,40,286,1,22211
11,20261019,EELS,41,279,1,22211
11,20261019,EELS,42,276,1,22211
11,20261019,EELS,43,268,1,22211
11,20261019,EELS,44,234,1,22211
11,20261019,EELS,45,266,1,22211
11,20261019,EELS,46,286,1,22211
11,20261019,EELS,47,299,1,22211
11,20261019,EELS,48,316,1,22211
11,20261019,EELS,49,325,1,22211
11,20261019,EELS,50,332,1,22211
11,20261019,EELS,51,323,1,22211
11,20261019,EELS,52,314,1,22211
11,20261019,EELS,53,306,1,22211
11,20261019,EELS,54,295,1,22211
11,20261019,EELS,55,266,1,22211
11,20261019,EELS,56,292,1,22211
11,20261019,EELS,57,306,1,22211
11,20261019,EELS,58,318,1,22211
11,20261019,EELS,59,321,1,22211
11,20261019,EELS,60,323,1,22211
11,20261019,EELS,61,329,1,22211
11,20261019,EELS,62,322,1,22211
11,20261019,EELS,63,312,1,22211
11,20261019,EELS,64,304,1,22211
11,20261019,EELS,65,294,1,22211
11,20261019,EELS,66,264,1,22211
11,20261019,EELS,67,284,1,22211
11,20261019,EELS,68,296,1,22211
11,20261019,EELS,69,302,1,22211
11,20261019,EELS,70,311,1,22211
11,20261019,EELS,71,306,1,22211
11,20261019,EELS,72,303,1,22211
11,20261019,EELS,73,303,1,22211
11,20261019,EELS,74,296,1,22211
11,20261019,EELS,75,288,1,22211
11,20261019,EELS,76,271,1,22211
11,20261019,EELS,77,231,1,22211
11,20261019,EELS,78,266,1,22211
11,20261019,EELS,79,280,1,22211
11,20261019,EELS,80,283,1,22211
11,20261019,EELS,81,277,1,22211
11,20261019,EELS,82,268,1,22211
11,20261019,EELS,83,255,1,22211
11,20261019,EELS,84,236,1,22211
11,20261019,EELS,85,224,1,22211
11,20261019,EELS,86,208,1,22211
11,20261019,EELS,87,191,1,22211
11,20261019,EELS,88,154,1,22211
11,20261019,EELS,89,182,1,22211
11,20261019,EELS,90,182,1,22211
11,20261019,EELS,91,180,1,22211
11,20261019,EELS,92,172,1,22211
11,20261019,EELS,93,165,1,22211
11,20261019,EELS,94,156,1,22211
11,20261019,EELS,95,144,1,22211
11,20261019,EELS,96,124,1,22211
11,20261019,EELS,97,101,1,22211
11,20261019,EELS,98,79,1,22211
11,20261019,EELS,99,55,1,22211
11,20261019,EELS,100,64,1,22211
11,20261019,EELS,101,63,1,22211
11,20261019,EELS,102,61,1,22211
11,20261019,EELS,103,58,1,22211
11,20261019,EELS,104,54,1,22211
11,20261019,EELS,105,50,1,22211
11,20261019,EELS,106,45,1,22211
11,20261019,EELS,107,38,1,22211
11,20261019,EELS,108,30,1,22211
11,20261019,EELS,109,21,1,22211
11,20261019,EELS,110,11,1,22211
11,20261019,EELS,111,11,1,22211
11,20261019,EELS,112,10,1,22211
11,20261019,EELS,113,9,1,22211
11,20261019,EELS,114,8,1,22211
11,20261019,EELS,115,7,1,22211
11,20261019,EELS,116,6,1,22211
11,20261019,EELS,117,5,1,22211
11,20261019,EELS,118,4,1,22211
11,20261019,EELS,119,3,1,22211
11,20261019,EELS,120,2,1,22211
11,20261019,EELS,121,1,1,22211
12,20261020,sample,0,1,1,29909
12,20261020,sample,1,2,1,29909
12,20261020,sample,2,3,1,29909
12,20261020,sample,3,4,1,29909
12,20261020,sample,4,5,1,29909
12,20261020,sample,5,6,1,29909
12,20261020,sample,6,7,1,29909
12,20261020,sample,7,8,1,29909
12,20261020,sample,8,9,1,29909
12,20261020,sample,9,10,1,29909
12,20261020,sample,10,11,1,29909
12,20261020,sample,11,12,1,29909
12,20261020,sample,12,12,1,29909
12,20261020,sample,13,23,1,29909
12,20261020,sample,14,32,1,29909
12,20261020,sample,15,41,1,29909
12,20261020,sample,16,49,1,29909
12,20261020,sample,17,56,1,29909
12,20261020,sample,18,63,1,29909
12,20261020,sample,19,68,1,29909
12,20261020,sample,20,72,1,29909
12,20261020,sample,21,74,1,29909
12,20261020,sample,22,76,1,29909
12,20261020,sample,23,76,1,29909
12,20261020,sample,24,66,1,29909
12,20261020,sample,25,94,1,29909
12,20261020,sample,26,116,1,29909
12,20261020,sample,27,136,1,29909
12,20261020,sample,28,154,1,29909
12,20261020,sample,29,176,1,29909
12,20261020,sample,30,185,1,29909
12,20261020,sample,31,196,1,29909
12,20261020,sample,32,202,1,29909
12,20261020,sample,33,208,1,29909
12,20261020,sample,34,209,1,29909
12,20261020,sample,35,204,1,29909
12,20261020,sample,36,188,1,29909
12,20261020,sample,37,211,1,29909
12,20261020,sample,38,235,1,29909
12,20261020,sample,39,255,1,29909
12,20261020,sample,40,274,1,29909
12,20261020,sample,41,290,1,29909
12,20261020,sample,42,301,1,29909
12,20261020,sample,43,305,1,29909
12,20261020,sample,44,309,1,29909
12,20261020,sample,45,304,1,29909
12,20261020,sample,46,296,1,29909
12,20261020,sample,47,284,1,29909
12,20261020,sample,48,275,1,29909
12,20261020,sample,49,288,1,29909
12,20261020,sample,50,308,1,29909
12,20261020,sample,51,317,1,29909
12,20261020,sample,52,324,1,29909
12,20261020,sample,53,330,1,29909
12,20261020,sample,54,333,1,29909
12,20261020,sample,55,335,1,29909
12,20261020,sample,56,334,1,29909
12,20261020,sample,57,327,1,29909
12,20261020,sample,58,325,1,29909
12,20261020,sample,59,320,1,29909
12,20261020,sample,60,310,1,29909
12,20261020,sample,61,321,1,29909
12,20261020,sample,62,326,1,29909
12,20261020,sample,63,335,1,29909
12,20261020,sample,64,341,1,29909
12,20261020,sample,65,342,1,29909
12,20261020,sample,66,348,1,29909
12,20261020,sample,67,355,1,29909
12,20261020,sample,68,349,1,29909
12,20261020,sample,69,344,1,29909
12,20261020,sample,70,339,1,29909
12,20261020,sample,71,332,1,29909
12,20261020,sample,72,320,1,29909
12,20261020,sample,73,330,1,29909
12,20261020,sample,74,334,1,29909
12,20261020,sample,75,337,1,29909
12,20261020,sample,76,341,1,29909
12,20261020,sample,77,343,1,29909
12,20261020,sample,78,345,1,29909
12,20261020,sample,79,344,1,29909
12,20261020,sample,80,341,1,29909
12,20261020,sample,81,338,1,29909
12,20261020,sample,82,332,1,29909
12,20261020,sample,83,321,1,29909
12,20261020,sample,84,309,1,29909
12,20261020,sample,85,323,1,29909
12,20261020,sample,86,322,1,29909
12,20261020,sample,87,327,1,29909
12,20261020,sample,88,331,1,29909
12,20261020,sample,89,342,1,29909
12,20261020,sample,90,338,1,29909
12,20261020,sample,91,333,1,29909
12,20261020,sample,92,329,1,29909
12,20261020,sample,93,323,1,29909
12,20261020,sample,94,311,1,29909
12,20261020,sample,95,291,1,29909
12,20261020,sample,96,272,1,29909
12,20261020,sample,97,288,1,29909
12,20261020,sample,98,295,1,29909
12,20261020,sample,99,299,1,29909
12,20261020,sample,100,300,1,29909
12,20261020,sample,101,298,1,29909
12,20261020,sample,102,290,1,29909
12,20261020,sample,103,279,1,29909
12,20261020,sample,104,263,1,29909
12,20261020,sample,105,245,1,29909
12,20261020,sample,106,224,1,29909
12,20261020,sample,107,208,1,29909
12,20261020,sample,108,182,1,29909
12,20261020,sample,109,201,1,29909
12,20261020,sample,110,206,1,29909
12,20261020,sample,111,208,1,29909
12,20261020,sample,112,203,1,29909
12,20261020,sample,113,198,1,29909
12,20261020,sample,114,188,1,29909
12,20261020,sample,115,177,1,29909
12,20261020,sample,116,162,1,29909
12,20261020,sample,117,138,1,29909
12,20261020,sample,118,112,1,29909
12,20261020,sample,119,86,1,29909
12,20261020,sample,120,65,1,29909
12,20261020,sample,121,76,1,29909
12,20261020,sample,122,75,1,29909
12,20261020,sample,123,73,1,29909
12,20261020,sample,124,71,1,29909
12,20261020,sample,125,67,1,29909
12,20261020,sample,126,62,1,29909
12,20261020,sample,127,56,1,29909
12,20261020,sample,128,50,1,29909
12,20261020,sample,129,42,1,29909
12,20261020,sample,130,33,1,29909
12,20261020,sample,131,23,1,29909
12,20261020,sample,132,12,1,29909
12,20261020,sample,133,12,1,29909
12,20261020,sample,134,11,1,29909
12,20261020,sample,135,10,1,29909
12,20261020,sample,136,9,1,29909
12,20261020,sample,137,8,1,29909
12,20261020,sample,138,7,1,29909
12,20261020,sample,139,6,1,29909
12,20261020,sample,140,5,1,29909
12,20261020,sample,141,4,1,29909
12,20261020,sample,142,3,1,29909
12,20261020,sample,143,2,1,29909
12,20261020,sample,144,1,1,29909
12,20261020,EELS,0,1,1,30835
12,20261020,EELS,1,2,1,30835
12,20261020,EELS,2,3,1,30835
12,20261020,EELS,3,4,1,30835
12,20261020,EELS,4,5,1,30835
12,20261020,EELS,5,6,1,30835
12,20261020,EELS,6,7,1,30835
12,20261020,EELS,7,8,1,30835
12,20261020,EELS,8,9,1,30835
12,20261020,EELS,9,10,1,30835
12,20261020,EELS,10,11,1,30835
12,20261020,EELS,11,12,1,30835
12,20261020,EELS,12,12,1,30835
12,20261020,EELS,13,23,1,30835
12,20261020,EELS,14,32,1,30835
12,20261020,EELS,15,41,1,30835
12,20261020,EELS,16,49,1,30835
12,20261020,EELS,17,56,1,30835
12,20261020,EELS,18,63,1,30835
12,20261020,EELS,19,68,1,30835
12,20261020,EELS,20,72,1,30835
12,20261020,EELS,21,74,1,30835
12,20261020,EELS,22,76,1,30835
12,20261020,EELS,23,76,1,30835
12,20261020,EELS,24,66,1,30835
12,20261020,EELS,25,95,1,30835
12,20261020,EELS,26,120,1,30835
12,20261020,EELS,27,140,1,30835
12,20261020,EELS,28,156,1,30835
12,20261020,EELS,29,178,1,30835
12,20261020,EELS,30,188,1,30835
12,20261020,EELS,31,199,1,30835
12,20261020,EELS,32,205,1,30835
12,20261020,EELS,33,210,1,30835
12,20261020,EELS,34,215,1,30835
12,20261020,EELS,35,215,1,30835
12,20261020,EELS,36,188,1,30835
12,20261020,EELS,37,215,1,30835
12,20261020,EELS,38,243,1,30835
12,20261020,EELS,39,262,1,30835
12,20261020,EELS,40,283,1,30835
12,20261020,EELS,41,293,1,30835
12,20261020,EELS,42,308,1,30835
12,20261020,EELS,43,311,1,30835
12,20261020,EELS,44,316,1,30835
12,20261020,EELS,45,312,1,30835
12,20261020,EELS,46,307,1,30835
12,20261020,EELS,47,301,1,30835
12,20261020,EELS,48,275,1,30835
12,20261020,EELS,49,297,1,30835
12,20261020,EELS,50,316,1,30835
12,20261020,EELS,51,323,1,30835
12,20261020,EELS,52,333,1,30835
12,20261020,EELS,53,333,1,30835
12,20261020,EELS,54,335,1,30835
12,20261020,EELS,55,340,1,30835
12,20261020,EELS,56,339,1,30835
12,20261020,EELS,57,338,1,30835
12,20261020,EELS,58,336,1,30835
12,20261020,EELS,59,330,1,30835
12,20261020,EELS,60,310,1,30835
12,20261020,EELS,61,322,1,30835
12,20261020,EELS,62,333,1,30835
12,20261020,EELS,63,338,1,30835
12,20261020,EELS,64,343,1,30835
12,20261020,EELS,65,346,1,30835
12,20261020,EELS,66,351,1,30835
12,20261020,EELS,67,356,1,30835
12,20261020,EELS,68,352,1,30835
12,20261020,EELS,69,351,1,30835
12,20261020,EELS,70,347,1,30835
12,20261020,EELS,71,337,1,30835
12,20261020,EELS,72,320,1,30835
12,20261020,EELS,73,334,1,30835
12,20261020,EELS,74,342,1,30835
12,20261020,EELS,75,341,1,30835
12,20261020,EELS,76,342,1,30835
12,20261020,EELS,77,346,1,30835
12,20261020,EELS,78,351,1,30835
12,20261020,EELS,79,349,1,30835
12,20261020,EELS,80,344,1,30835
12,20261020,EELS,81,340,1,30835
12,20261020,EELS,82,337,1,30835
12,20261020,EELS,83,324,1,30835
12,20261020,EELS,84,309,1,30835
12,20261020,EELS,85,330,1,30835
12,20261020,EELS,86,326,1,30835
12,20261020,EELS,87,332,1,30835
12,20261020,EELS,88,338,1,30835
12,20261020,EELS,89,345,1,30835
12,20261020,EELS,90,344,1,30835
12,20261020,EELS,91,339,1,30835
12,20261020,EELS,92,337,1,30835
12,20261020,EELS,93,331,1,30835
12,20261020,EELS,94,321,1,30835
12,20261020,EELS,95,297,1,30835
12,20261020,EELS,96,272,1,30835
12,20261020,EELS,97,298,1,30835
12,20261020,EELS,98,301,1,30835
12,20261020,EELS,99,304,1,30835
12,20261020,EELS,100,306,1,30835
12,20261020,EELS,101,299,1,30835
12,20261020,EELS,102,293,1,30835
12,20261020,EELS,103,284,1,30835
12,20261020,EELS,104,268,1,30835
12,20261020,EELS,105,250,1,30835
12,20261020,EELS,106,234,1,30835
12,20261020,EELS,107,212,1,30835
12,20261020,EELS,108,182,1,30835
12,20261020,EELS,109,208,1,30835
12,20261020,EELS,110,212,1,30835
12,20261020,EELS,111,212,1,30835
12,20261020,EELS,112,207,1,30835
12,20261020,EELS,113,200,1,30835
12,20261020,EELS,114,192,1,30835
12,20261020,EELS,115,179,1,30835
12,20261020,EELS,116,163,1,30835
12,20261020,EELS,117,142,1,30835
12,20261020,EELS,118,114,1,30835
12,20261020,EELS,119,88,1,30835
12,20261020,EELS,120,65,1,30835
12,20261020,EELS,121,76,1,30835
12,20261020,EELS,122,75,1,30835
12,20261020,EELS,123,73,1,30835
12,20261020,EELS,124,71,1,30835
12,20261020,EELS,125,67,1,30835
12,20261020,EELS,126,62,1,30835
12,20261020,EELS,127,56,1,30835
12,20261020,EELS,128,50,1,30835
12,20261020,EELS,129,42,1,30835
12,20261020,EELS,130,33,1,30835
12,20261020,EELS,131,23,1,30835
12,20261020,EELS,132,12,1,30835
12,20261020,EELS,133,12,1,30835
12,20261020,EELS,134,11,1,30835
12,20261020,EELS,135,10,1,30835
12,20261020,EELS,136,9,1,30835
12,20261020,EELS,137,8,1,30835
12,20261020,EELS,138,7,1,30835
12,20261020,EELS,139,6,1,30835
12,20261020,EELS,140,5,1,30835
12,20261020,EELS,141,4,1,30835
12,20261020,EELS,142,3,1,30835
12,20261020,EELS,143,2,1,30835
12,20261020,EELS,144,1,1,30835
13,20261021,sample,0,1,1,39712
13,20261021,sample,1,2,1,39712
13,20261021,sample,2,3,1,39712
13,20261021,sample,3,4,1,39712
13,20261021,sample,4,5,1,39712
13,20261021,sample,5,6,1,39712
13,20261021,sample,6,7,1,39712
13,20261021,sample,7,8,1,39712
13,20261021,sample,8,9,1,39712
13,20261021,sample,9,10,1,39712
13,20261021,sample,10,11,1,39712
13,20261021,sample,11,12,1,39712
13,20261021,sample,12,13,1,39712
13,20261021,sample,13,13,1,39712
13,20261021,sample,14,25,1,39712
13,20261021,sample,15,34,1,39712
13,20261021,sample,16,44,1,39712
13,20261021,sample,17,54,1,39712
13,20261021,sample,18,62,1,39712
13,20261021,sample,19,67,1,39712
13,20261021,sample,20,73,1,39712
13,20261021,sample,21,78,1,39712
13,20261021,sample,22,83,1,39712
13,20261021,sample,23,87,1,39712
13,20261021,sample,24,89,1,39712
13,20261021,sample,25,86,1,39712
13,20261021,sample,26,77,1,39712
13,20261021,sample,27,103,1,39712
13,20261021,sample,28,131,1,39712
13,20261021,sample,29,148,1,39712
13,20261021,sample,30,169,1,39712
13,20261021,sample,31,182,1,39712
13,20261021,sample,32,197,1,39712
13,20261021,sample,33,213,1,39712
13,20261021,sample,34,228,1,39712
13,20261021,sample,35,231,1,39712
13,20261021,sample,36,234,1,39712
13,20261021,sample,37,239,1,39712
13,20261021,sample,38,230,1,39712
13,20261021,sample,39,217,1,39712
13,20261021,sample,40,235,1,39712
13,20261021,sample,41,258,1,39712
13,20261021,sample,42,273,1,39712
13,20261021,sample,43,284,1,39712
13,20261021,sample,44,302,1,39712
13,20261021,sample,45,313,1,39712
13,20261021,sample,46,317,1,39712
13,20261021,sample,47,326,1,39712
13,20261021,sample,48,329,1,39712
13,20261021,sample,49,330,1,39712
13,20261021,sample,50,326,1,39712
13,20261021,sample,51,317,1,39712
13,20261021,sample,52,313,1,39712
13,20261021,sample,53,326,1,39712
13,20261021,sample,54,334,1,39712
13,20261021,sample,55,338,1,39712
13,20261021,sample,56,344,1,39712
13,20261021,sample,57,351,1,39712
13,20261021,sample,58,359,1,39712
13,20261021,sample,59,358,1,39712
13,20261021,sample,60,355,1,39712
13,20261021,sample,61,352,1,39712
13,20261021,sample,62,353,1,39712
13,20261021,sample,63,347,1,39712
13,20261021,sample,64,344,1,39712
13,20261021,sample,65,335,1,39712
13,20261021,sample,66,341,1,39712
13,20261021,sample,67,345,1,39712
13,20261021,sample,68,351,1,39712
13,20261021,sample,69,356,1,39712
13,20261021,sample,70,360,1,39712
13,20261021,sample,71,366,1,39712
13,20261021,sample,72,371,1,39712
13,20261021,sample,73,371,1,39712
13,20261021,sample,74,371,1,39712
13,20261021,sample,75,365,1,39712
13,20261021,sample,76,364,1,39712
13,20261021,sample,77,361,1,39712
13,20261021,sample,78,354,1,39712
13,20261021,sample,79,360,1,39712
13,20261021,sample,80,365,1,39712
13,20261021,sample,81,367,1,39712
13,20261021,sample,82,371,1,39712
13,20261021,sample,83,372,1,39712
13,20261021,sample,84,373,1,39712
13,20261021,sample,85,371,1,39712
13,20261021,sample,86,370,1,39712
13,20261021,sample,87,369,1,39712
13,20261021,sample,88,368,1,39712
13,20261021,sample,89,362,1,39712
13,20261021,sample,90,359,1,39712
13,20261021,sample,91,355,1,39712
13,20261021,sample,92,356,1,39712
13,20261021,sample,93,363,1,39712
13,20261021,sample,94,364,1,39712
13,20261021,sample,95,366,1,39712
13,20261021,sample,96,367,1,39712
13,20261021,sample,97,368,1,39712
13,20261021,sample,98,369,1,39712
13,20261021,sample,99,374,1,39712
13,20261021,sample,100,373,1,39712
13,20261021,sample,101,370,1,39712
13,20261021,sample,102,365,1,39712
13,20261021,sample,103,358,1,39712
13,20261021,sample,104,350,1,39712
13,20261021,sample,105,356,1,39712
13,20261021,sample,106,360,1,39712
13,20261021,sample,107,363,1,39712
13,20261021,sample,108,364,1,39712
13,20261021,sample,109,363,1,39712
13,20261021,sample,110,360,1,39712
13,20261021,sample,111,356,1,39712
13,20261021,sample,112,351,1,39712
13,20261021,sample,113,347,1,39712
13,20261021,sample,114,336,1,39712
13,20261021,sample,115,328,1,39712
13,20261021,sample,116,317,1,39712
13,20261021,sample,117,302,1,39712
13,20261021,sample,118,309,1,39712
13,20261021,sample,119,318,1,39712
13,20261021,sample,120,327,1,39712
13,20261021,sample,121,323,1,39712
13,20261021,sample,122,324,1,39712
13,20261021,sample,123,318,1,39712
13,20261021,sample,124,312,1,39712
13,20261021,sample,125,306,1,39712
13,20261021,sample,126,295,1,39712
13,20261021,sample,127,273,1,39712
13,20261021,sample,128,258,1,39712
13,20261021,sample,129,239,1,39712
13,20261021,sample,130,221,1,39712
13,20261021,sample,131,234,1,39712
13,20261021,sample,132,240,1,39712
13,20261021,sample,133,239,1,39712
13,20261021,sample,134,240,1,39712
13,20261021,sample,135,233,1,39712
13,20261021,sample,136,218,1,39712
13,20261021,sample,137,205,1,39712
13,20261021,sample,138,189,1,39712
13,20261021,sample,139,173,1,39712
13,20261021,sample,140,156,1,39712
13,20261021,sample,141,133,1,39712
13,20261021,sample,142,109,1,39712
13,20261021,sample,143,78,1,39712
13,20261021,sample,144,89,1,39712
13,20261021,sample,145,88,1,39712
13,20261021,sample,146,85,1,39712
13,20261021,sample,147,81,1,39712
13,20261021,sample,148,78,1,39712
13,20261021,sample,149,73,1,39712
13,20261021,sample,150,67,1,39712
13,20261021,sample,151,62,1,39712
13,20261021,sample,152,54,1,39712
13,20261021,sample,153,45,1,39712
13,20261021,sample,154,35,1,39712
13,20261021,sample,155,24,1,39712
13,20261021,sample,156,13,1,39712
13,20261021,sample,157,13,1,39712
13,20261021,sample,158,12,1,39712
13,20261021,sample,159,11,1,39712
13,20261021,sample,160,10,1,39712
13,20261021,sample,161,9,1,39712
13,20261021,sample,162,8,1,39712
13,20261021,sample,163,7,1,39712
13,20261021,sample,164,6,1,39712
13,20261021,sample,165,5,1,39712
13,20261021,sample,166,4,1,39712
13,20261021,sample,167,3,1,39712
13,20261021,sample,168,2,1,39712
13,20261021,sample,169,1,1,39712
13,20261021,EELS,0,1,1,40558
13,20261021,EELS,1,2,1,40558
13,20261021,EELS,2,3,1,40558
13,20261021,EELS,3,4,1,40558
13,20261021,EELS,4,5,1,40558
13,20261021,EELS,5,6,1,40558
13,20261021,EELS,6,7,1,40558
13,20261021,EELS,7,8,1,40558
13,20261021,EELS,8,9,1,40558
13,20261021,EELS,9,10,1,40558
13,20261021,EELS,10,11,1,40558
13,20261021,EELS,11,12,1,40558
13,20261021,EELS,12,13,1,40558
13,20261021,EELS,13,13,1,40558
13,20261021,EELS,14,25,1,40558
13,20261021,EELS,15,34,1,40558
13,20261021,EELS,16,44,1,40558
13,20261021,EELS,17,54,1,40558
13,20261021,EELS,18,62,1,40558
13,20261021,EELS,19,67,1,40558
13,20261021,EELS,20,73,1,40558
13,20261021,EELS,21,78,1,40558
13,20261021,EELS,22,83,1,40558
13,20261021,EELS,23,87,1,40558
13,20261021,EELS,24,89,1,40558
13,20261021,EELS,25,89,1,40558
13,20261021,EELS,26,77,1,40558
13,20261021,EELS,27,105,1,40558
13,20261021,EELS,28,135,1,40558
13,20261021,EELS,29,152,1,40558
13,20261021,EELS,30,170,1,40558
13,20261021,EELS,31,184,1,40558
13,20261021,EELS,32,200,1,40558
13,20261021,EELS,33,218,1,40558
13,20261021,EELS,34,229,1,40558
13,20261021,EELS,35,233,1,40558
13,20261021,EELS,36,238,1,40558
13,20261021,EELS,37,244,1,40558
13,20261021,EELS,38,243,1,40558
13,20261021,EELS,39,217,1,40558
13,20261021,EELS,40,245,1,40558
13,20261021,EELS,41,261,1,40558
13,20261021,EELS,42,278,1,40558
13,20261021,EELS,43,294,1,40558
13,20261021,EELS,44,304,1,40558
13,20261021,EELS,45,314,1,40558
13,20261021,EELS,46,323,1,40558
13,20261021,EELS,47,331,1,40558
13,20261021,EELS,48,333,1,40558
13,20261021,EELS,49,335,1,40558
13,20261021,EELS,50,334,1,40558
13,20261021,EELS,51,327,1,40558
13,20261021,EELS,52,313,1,40558
13,20261021,EELS,53,330,1,40558
13,20261021,EELS,54,334,1,40558
13,20261021,EELS,55,342,1,40558
13,20261021,EELS,56,347,1,40558
13,20261021,EELS,57,356,1,40558
13,20261021,EELS,58,367,1,40558
13,20261021,EELS,59,364,1,40558
13,20261021,EELS,60,357,1,40558
13,20261021,EELS,61,353,1,40558
13,20261021,EELS,62,353,1,40558
13,20261021,EELS,63,355,1,40558
13,20261021,EELS,64,347,1,40558
13,20261021,EELS,65,335,1,40558
13,20261021,EELS,66,344,1,40558
13,20261021,EELS,67,348,1,40558
13,20261021,EELS,68,353,1,40558
13,20261021,EELS,69,358,1,40558
13,20261021,EELS,70,363,1,40558
13,20261021,EELS,71,371,1,40558
13,20261021,EELS,72,373,1,40558
13,20261021,EELS,73,372,1,40558
13,20261021,EELS,74,376,1,40558
13,20261021,EELS,75,370,1,40558
13,20261021,EELS,76,366,1,40558
13,20261021,EELS,77,366,1,40558
13,20261021,EELS,78,354,1,40558
13,20261021,EELS,79,362,1,40558
13,20261021,EELS,80,368,1,40558
13,20261021,EELS,81,369,1,40558
13,20261021,EELS,82,375,1,40558
13,20261021,EELS,83,374,1,40558
13,20261021,EELS,84,377,1,40558
13,20261021,EELS,85,373,1,40558
13,20261021,EELS,86,372,1,40558
13,20261021,EELS,87,370,1,40558
13,20261021,EELS,88,371,1,40558
13,20261021,EELS,89,363,1,40558
13,20261021,EELS,90,364,1,40558
13,20261021,EELS,91,355,1,40558
13,20261021,EELS,92,359,1,40558
13,20261021,EELS,93,363,1,40558
13,20261021,EELS,94,366,1,40558
13,20261021,EELS,95,369,1,40558
13,20261021,EELS,96,370,1,40558
13,20261021,EELS,97,368,1,40558
13,20261021,EELS,98,372,1,40558
13,20261021,EELS,99,379,1,40558
13,20261021,EELS,100,379,1,40558
13,20261021,EELS,101,375,1,40558
13,20261021,EELS,102,367,1,40558
13,20261021,EELS,103,361,1,40558
13,20261021,EELS,104,350,1,40558
13,20261021,EELS,105,359,1,40558
13,20261021,EELS,106,363,1,40558
13,20261021,EELS,107,365,1,40558
13,20261021,EELS,108,372,1,40558
13,20261021,EELS,109,368,1,40558
13,20261021,EELS,110,361,1,40558
13,20261021,EELS,111,361,1,40558
13,20261021,EELS,112,357,1,40558
13,20261021,EELS,113,349,1,40558
13,20261021,EELS,114,341,1,40558
13,20261021,EELS,115,333,1,40558
13,20261021,EELS,116,321,1,40558
13,20261021,EELS,117,302,1,40558
13,20261021,EELS,118,314,1,40558
13,20261021,EELS,119,325,1,40558
13,20261021,EELS,120,330,1,40558
13,20261021,EELS,121,331,1,40558
13,20261021,EELS,122,326,1,40558
13,20261021,EELS,123,321,1,40558
13,20261021,EELS,124,318,1,40558
13,20261021,EELS,125,312,1,40558
13,20261021,EELS,126,300,1,40558
13,20261021,EELS,127,279,1,40558
13,20261021,EELS,128,262,1,40558
13,20261021,EELS,129,243,1,40558
13,20261021,EELS,130,221,1,40558
13,20261021,EELS,131,246,1,40558
13,20261021,EELS,132,246,1,40558
13,20261021,EELS,133,243,1,40558
13,20261021,EELS,134,247,1,40558
13,20261021,EELS,135,235,1,40558
13,20261021,EELS,136,221,1,40558
13,20261021,EELS,137,209,1,40558
13,20261021,EELS,138,190,1,40558
13,20261021,EELS,139,175,1,40558
13,20261021,EELS,140,158,1,40558
13,20261021,EELS,141,136,1,40558
13,20261021,EELS,142,111,1,40558
13,20261021,EELS,143,78,1,40558
13,20261021,EELS,144,89,1,40558
13,20261021,EELS,145,88,1,40558
13,20261021,EELS,146,85,1,40558
13,20261021,EELS,147,82,1,40558
13,20261021,EELS,148,78,1,40558
13,20261021,EELS,149,73,1,40558
13,20261021,EELS,150,67,1,40558
13,20261021,EELS,151,62,1,40558
13,20261021,EELS,152,54,1,40558
13,20261021,EELS,153,45,1,40558
13,20261021,EELS,154,35,1,40558
13,20261021,EELS,155,24,1,40558
13,20261021,EELS,156,13,1,40558
13,20261021,EELS,157,13,1,40558
13,20261021,EELS,158,12,1,40558
13,20261021,EELS,159,11,1,40558
13,20261021,EELS,160,10,1,40558
13,20261021,EELS,161,9,1,40558
13,20261021,EELS,162,8,1,40558
13,20261021,EELS,163,7,1,40558
13,20261021,EELS,164,6,1,40558
13,20261021,EELS,165,5,1,40558
13,20261021,EELS,166,4,1,40558
13,20261021,EELS,167,3,1,40558
13,20261021,EELS,168,2,1,40558
13,20261021,EELS,169,1,1,40558
14,20261022,sample,0,1,1,50122
14,20261022,sample,1,2,1,50122
14,20261022,sample,2,3,1,50122
14,20261022,sample,3,4,1,50122
14,20261022,sample,4,5,1,50122
14,20261022,sample,5,6,1,50122
14,20261022,sample,6,7,1,50122
14,20261022,sample,7,8,1,50122
14,20261022,sample,8,9,1,50122
14,20261022,sample,9,10,1,50122
14,20261022,sample,10,11,1,50122
14,20261022,sample,11,12,1,50122
14,20261022,sample,12,13,1,50122
14,20261022,sample,13,14,1,50122
14,20261022,sample,14,14,1,50122
14,20261022,sample,15,27,1,50122
14,20261022,sample,16,38,1,50122
14,20261022,sample,17,47,1,50122
14,20261022,sample,18,54,1,50122
14,20261022,sample,19,64,1,50122
14,20261022,sample,20,72,1,50122
14,20261022,sample,21,80,1,50122
14,20261022,sample,22,86,1,50122
14,20261022,sample,23,91,1,50122
14,20261022,sample,24,96,1,50122
14,20261022,sample,25,99,1,50122
14,20261022,sample,26,101,1,50122
14,20261022,sample,27,99,1,50122
14,20261022,sample,28,89,1,50122
14,20261022,sample,29,113,1,50122
14,20261022,sample,30,133,1,50122
14,20261022,sample,31,157,1,50122
14,20261022,sample,32,178,1,50122
14,20261022,sample,33,193,1,50122
14,20261022,sample,34,211,1,50122
14,20261022,sample,35,229,1,50122
14,20261022,sample,36,242,1,50122
14,20261022,sample,37,255,1,50122
14,20261022,sample,38,261,1,50122
14,20261022,sample,39,263,1,50122
14,20261022,sample,40,262,1,50122
14,20261022,sample,41,257,1,50122
14,20261022,sample,42,248,1,50122
14,20261022,sample,43,270,1,50122
14,20261022,sample,44,285,1,50122
14,20261022,sample,45,296,1,50122
14,20261022,sample,46,305,1,50122
14,20261022,sample,47,318,1,50122
14,20261022,sample,48,323,1,50122
14,20261022,sample,49,330,1,50122
14,20261022,sample,50,339,1,50122
14,20261022,sample,51,342,1,50122
14,20261022,sample,52,348,1,50122
14,20261022,sample,53,344,1,50122
14,20261022,sample,54,341,1,50122
14,20261022,sample,55,339,1,50122
14,20261022,sample,56,332,1,50122
14,20261022,sample,57,337,1,50122
14,20261022,sample,58,348,1,50122
14,20261022,sample,59,352,1,50122
14,20261022,sample,60,358,1,50122
14,20261022,sample,61,361,1,50122
14,20261022,sample,62,366,1,50122
14,20261022,sample,63,370,1,50122
14,20261022,sample,64,375,1,50122
14,20261022,sample,65,374,1,50122
14,20261022,sample,66,372,1,50122
14,20261022,sample,67,371,1,50122
14,20261022,sample,68,369,1,50122
14,20261022,sample,69,364,1,50122
14,20261022,sample,70,356,1,50122
14,20261022,sample,71,361,1,50122
14,20261022,sample,72,363,1,50122
14,20261022,sample,73,366,1,50122
14,20261022,sample,74,372,1,50122
14,20261022,sample,75,374,1,50122
14,20261022,sample,76,377,1,50122
14,20261022,sample,77,380,1,50122
14,20261022,sample,78,381,1,50122
14,20261022,sample,79,381,1,50122
14,20261022,sample,80,382,1,50122
14,20261022,sample,81,376,1,50122
14,20261022,sample,82,374,1,50122
14,20261022,sample,83,371,1,50122
14,20261022,sample,84,368,1,50122
14,20261022,sample,85,370,1,50122
14,20261022,sample,86,371,1,50122
14,20261022,sample,87,373,1,50122
14,20261022,sample,88,375,1,50122
14,20261022,sample,89,379,1,50122
14,20261022,sample,90,382,1,50122
14,20261022,sample,91,383,1,50122
14,20261022,sample,92,383,1,50122
14,20261022,sample,93,385,1,50122
14,20261022,sample,94,384,1,50122
14,20261022,sample,95,383,1,50122
14,20261022,sample,96,382,1,50122
14,20261022,sample,97,381,1,50122
14,20261022,sample,98,378,1,50122
14,20261022,sample,99,381,1,50122
14,20261022,sample,100,383,1,50122
14,20261022,sample,101,385,1,50122
14,20261022,sample,102,386,1,50122
14,20261022,sample,103,389,1,50122
14,20261022,sample,104,389,1,50122
14,20261022,sample,105,389,1,50122
14,20261022,sample,106,389,1,50122
14,20261022,sample,107,386,1,50122
14,20261022,sample,108,388,1,50122
14,20261022,sample,109,384,1,50122
14,20261022,sample,110,380,1,50122
14,20261022,sample,111,378,1,50122
14,20261022,sample,112,374,1,50122
14,20261022,sample,113,376,1,50122
14,20261022,sample,114,380,1,50122
14,20261022,sample,115,381,1,50122
14,20261022,sample,116,382,1,50122
14,20261022,sample,117,383,1,50122
14,20261022,sample,118,380,1,50122
14,20261022,sample,119,382,1,50122
14,20261022,sample,120,384,1,50122
14,20261022,sample,121,381,1,50122
14,20261022,sample,122,380,1,50122
14,20261022,sample,123,376,1,50122
14,20261022,sample,124,375,1,50122
14,20261022,sample,125,371,1,50122
14,20261022,sample,126,362,1,50122
14,20261022,sample,127,370,1,50122
14,20261022,sample,128,371,1,50122
14,20261022,sample,129,377,1,50122
14,20261022,sample,130,376,1,50122
14,20261022,sample,131,373,1,50122
14,20261022,sample,132,369,1,50122
14,20261022,sample,133,370,1,50122
14,20261022,sample,134,362,1,50122
14,20261022,sample,135,360,1,50122
14,20261022,sample,136,354,1,50122
14,20261022,sample,137,350,1,50122
14,20261022,sample,138,340,1,50122
14,20261022,sample,139,335,1,50122
14,20261022,sample,140,326,1,50122
14,20261022,sample,141,338,1,50122
14,20261022,sample,142,348,1,50122
14,20261022,sample,143,346,1,50122
14,20261022,sample,144,346,1,50122
14,20261022,sample,145,350,1,50122
14,20261022,sample,146,347,1,50122
14,20261022,sample,147,345,1,50122
14,20261022,sample,148,334,1,50122
14,20261022,sample,149,324,1,50122
14,20261022,sample,150,312,1,50122
14,20261022,sample,151,297,1,50122
14,20261022,sample,152,280,1,50122
14,20261022,sample,153,263,1,50122
14,20261022,sample,154,243,1,50122
14,20261022,sample,155,253,1,50122
14,20261022,sample,156,259,1,50122
14,20261022,sample,157,253,1,50122
14,20261022,sample,158,250,1,50122
14,20261022,sample,159,239,1,50122
14,20261022,sample,160,226,1,50122
14,20261022,sample,161,211,1,50122
14,20261022,sample,162,205,1,50122
14,20261022,sample,163,194,1,50122
14,20261022,sample,164,176,1,50122
14,20261022,sample,165,160,1,50122
14,20261022,sample,166,143,1,50122
14,20261022,sample,167,118,1,50122
14,20261022,sample,168,91,1,50122
14,20261022,sample,169,103,1,50122
14,20261022,sample,170,101,1,50122
14,20261022,sample,171,97,1,50122
14,20261022,sample,172,94,1,50122
14,20261022,sample,173,89,1,50122
14,20261022,sample,174,85,1,50122
14,20261022,sample,175,79,1,50122
14,20261022,sample,176,71,1,50122
14,20261022,sample,177,65,1,50122
14,20261022,sample,178,57,1,50122
14,20261022,sample,179,48,1,50122
14,20261022,sample,180,36,1,50122
14,20261022,sample,181,27,1,50122
14,20261022,sample,182,14,1,50122
14,20261022,sample,183,14,1,50122
14,20261022,sample,184,13,1,50122
14,20261022,sample,185,12,1,50122
14,20261022,sample,186,11,1,50122
14,20261022,sample,187,10,1,50122
14,20261022,sample,188,9,1,50122
14,20261022,sample,189,8,1,50122
14,20261022,sample,190,7,1,50122
14,20261022,sample,191,6,1,50122
14,20261022,sample,192,5,1,50122
14,20261022,sample,193,4,1,50122
14,20261022,sample,194,3,1,50122
14,20261022,sample,195,2,1,50122
14,20261022,sample,196,1,1,50122
14,20261022,EELS,0,1,1,50826
14,20261022,EELS,1,2,1,50826
14,20261022,EELS,2,3,1,50826
14,20261022,EELS,3,4,1,50826
14,20261022,EELS,4,5,1,50826
14,20261022,EELS,5,6,1,50826
14,20261022,EELS,6,7,1,50826
14,20261022,EELS,7,8,1,50826
14,20261022,EELS,8,9,1,50826
14,20261022,EELS,9,10,1,50826
14,20261022,EELS,10,11,1,50826
14,20261022,EELS,11,12,1,50826
14,20261022,EELS,12,13,1,50826
14,20261022,EELS,13,14,1,50826
14,20261022,EELS,14,14,1,50826
14,20261022,EELS,15,27,1,50826
14,20261022,EELS,16,38,1,50826
14,20261022,EELS,17,47,1,50826
14,20261022,EELS,18,55,1,50826
14,20261022,EELS,19,64,1,50826
14,20261022,EELS,20,72,1,50826
14,20261022,EELS,21,80,1,50826
14,20261022,EELS,22,86,1,50826
14,20261022,EELS,23,91,1,50826
14,20261022,EELS,24,96,1,50826
14,20261022,EELS,25,99,1,50826
14,20261022,EELS,26,101,1,50826
14,20261022,EELS,27,101,1,50826
14,20261022,EELS,28,89,1,50826
14,20261022,EELS,29,117,1,50826
14,20261022,EELS,30,136,1,50826
14,20261022,EELS,31,161,1,50826
14,20261022,EELS,32,180,1,50826
14,20261022,EELS,33,195,1,50826
14,20261022,EELS,34,215,1,50826
14,20261022,EELS,35,232,1,50826
14,20261022,EELS,36,243,1,50826
14,20261022,EELS,37,258,1,50826
14,20261022,EELS,38,266,1,50826
14,20261022,EELS,39,270,1,50826
14,20261022,EELS,40,275,1,50826
14,20261022,EELS,41,270,1,50826
14,20261022,EELS,42,248,1,50826
14,20261022,EELS,43,272,1,50826
14,20261022,EELS,44,289,1,50826
14,20261022,EELS,45,298,1,50826
14,20261022,EELS,46,308,1,50826
14,20261022,EELS,47,323,1,50826
14,20261022,EELS,48,326,1,50826
14,20261022,EELS,49,335,1,50826
14,20261022,EELS,50,341,1,50826
14,20261022,EELS,51,344,1,50826
14,20261022,EELS,52,353,1,50826
14,20261022,EELS,53,351,1,50826
14,20261022,EELS,54,345,1,50826
14,20261022,EELS,55,345,1,50826
14,20261022,EELS,56,332,1,50826
14,20261022,EELS,57,338,1,50826
14,20261022,EELS,58,350,1,50826
14,20261022,EELS,59,352,1,50826
14,20261022,EELS,60,359,1,50826
14,20261022,EELS,61,367,1,50826
14,20261022,EELS,62,372,1,50826
14,20261022,EELS,63,372,1,50826
14,20261022,EELS,64,378,1,50826
14,20261022,EELS,65,377,1,50826
14,20261022,EELS,66,376,1,50826
14,20261022,EELS,67,374,1,50826
14,20261022,EELS,68,370,1,50826
14,20261022,EELS,69,366,1,50826
14,20261022,EELS,70,356,1,50826
14,20261022,EELS,71,362,1,50826
14,20261022,EELS,72,364,1,50826
14,20261022,EELS,73,368,1,50826
14,20261022,EELS,74,374,1,50826
14,20261022,EELS,75,376,1,50826
14,20261022,EELS,76,379,1,50826
14,20261022,EELS,77,384,1,50826
14,20261022,EELS,78,384,1,50826
14,20261022,EELS,79,384,1,50826
14,20261022,EELS,80,383,1,50826
14,20261022,EELS,81,376,1,50826
14,20261022,EELS,82,374,1,50826
14,20261022,EELS,83,372,1,50826
14,20261022,EELS,84,368,1,50826
14,20261022,EELS,85,370,1,50826
14,20261022,EELS,86,373,1,50826
14,20261022,EELS,87,374,1,50826
14,20261022,EELS,88,378,1,50826
14,20261022,EELS,89,381,1,50826
14,20261022,EELS,90,383,1,50826
14,20261022,EELS,91,385,1,50826
14,20261022,EELS,92,383,1,50826
14,20261022,EELS,93,385,1,50826
14,20261022,EELS,94,385,1,50826
14,20261022,EELS,95,384,1,50826
14,20261022,EELS,96,383,1,50826
14,20261022,EELS,97,383,1,50826
14,20261022,EELS,98,378,1,50826
14,20261022,EELS,99,383,1,50826
14,20261022,EELS,100,383,1,50826
14,20261022,EELS,101,386,1,50826
14,20261022,EELS,102,387,1,50826
14,20261022,EELS,103,391,1,50826
14,20261022,EELS,104,391,1,50826
14,20261022,EELS,105,389,1,50826
14,20261022,EELS,106,390,1,50826
14,20261022,EELS,107,386,1,50826
14,20261022,EELS,108,392,1,50826
14,20261022,EELS,109,385,1,50826
14,20261022,EELS,110,383,1,50826
14,20261022,EELS,111,381,1,50826
14,20261022,EELS,112,374,1,50826
14,20261022,EELS,113,376,1,50826
14,20261022,EELS,114,380,1,50826
14,20261022,EELS,115,383,1,50826
14,20261022,EELS,116,386,1,50826
14,20261022,EELS,117,384,1,50826
14,20261022,EELS,118,382,1,50826
14,20261022,EELS,119,383,1,50826
14,20261022,EELS,120,385,1,50826
14,20261022,EELS,121,383,1,50826
14,20261022,EELS,122,382,1,50826
14,20261022,EELS,123,376,1,50826
14,20261022,EELS,124,376,1,50826
14,20261022,EELS,125,372,1,50826
14,20261022,EELS,126,362,1,50826
14,20261022,EELS,127,374,1,50826
14,20261022,EELS,128,372,1,50826
14,20261022,EELS,129,379,1,50826
14,20261022,EELS,130,378,1,50826
14,20261022,EELS,131,374,1,50826
14,20261022,EELS,132,371,1,50826
14,20261022,EELS,133,372,1,50826
14,20261022,EELS,134,366,1,50826
14,20261022,EELS,135,362,1,50826
14,20261022,EELS,136,355,1,50826
14,20261022,EELS,137,353,1,50826
14,20261022,EELS,138,342,1,50826
14,20261022,EELS,139,337,1,50826
14,20261022,EELS,140,326,1,50826
14,20261022,EELS,141,344,1,50826
14,20261022,EELS,142,353,1,50826
14,20261022,EELS,143,351,1,50826
14,20261022,EELS,144,352,1,50826
14,20261022,EELS,145,352,1,50826
14,20261022,EELS,146,350,1,50826
14,20261022,EELS,147,347,1,50826
14,20261022,EELS,148,338,1,50826
14,20261022,EELS,149,328,1,50826
14,20261022,EELS,150,315,1,50826
14,20261022,EELS,151,299,1,50826
14,20261022,EELS,152,285,1,50826
14,20261022,EELS,153,269,1,50826
14,20261022,EELS,154,243,1,50826
14,20261022,EELS,155,260,1,50826
14,20261022,EELS,156,263,1,50826
14,20261022,EELS,157,257,1,50826
14,20261022,EELS,158,256,1,50826
14,20261022,EELS,159,244,1,50826
14,20261022,EELS,160,228,1,50826
14,20261022,EELS,161,213,1,50826
14,20261022,EELS,162,207,1,50826
14,20261022,EELS,163,195,1,50826
14,20261022,EELS,164,179,1,50826
14,20261022,EELS,165,162,1,50826
14,20261022,EELS,166,145,1,50826
14,20261022,EELS,167,120,1,50826
14,20261022,EELS,168,91,1,50826
14,20261022,EELS,169,103,1,50826
14,20261022,EELS,170,101,1,50826
14,20261022,EELS,171,97,1,50826
14,20261022,EELS,172,94,1,50826
14,20261022,EELS,173,90,1,50826
14,20261022,EELS,174,85,1,50826
14,20261022,EELS,175,79,1,50826
14,20261022,EELS,176,72,1,50826
14,20261022,EELS,177,65,1,50826
14,20261022,EELS,178,57,1,50826
14,20261022,EELS,179,48,1,50826
14,20261022,EELS,180,37,1,50826
14,20261022,EELS,181,27,1,50826
14,20261022,EELS,182,14,1,50826
14,20261022,EELS,183,14,1,50826
14,20261022,EELS,184,13,1,50826
14,20261022,EELS,185,12,1,50826
14,20261022,EELS,186,11,1,50826
14,20261022,EELS,187,10,1,50826
14,20261022,EELS,188,9,1,50826
14,20261022,EELS,189,8,1,50826
14,20261022,EELS,190,7,1,50826
14,20261022,EELS,191,6,1,50826
14,20261022,EELS,192,5,1,50826
14,20261022,EELS,193,4,1,50826
14,20261022,EELS,194,3,1,50826
14,20261022,EELS,195,2,1,50826
14,20261022,EELS,196,1,1,50826
15,20261023,sample,0,1,1,61154
15,20261023,sample,1,2,1,61154
15,20261023,sample,2,3,1,61154
15,20261023,sample,3,4,1,61154
15,20261023,sample,4,5,1,61154
15,20261023,sample,5,6,1,61154
15,20261023,sample,6,7,1,61154
15,20261023,sample,7,8,1,61154
15,20261023,sample,8,9,1,61154
15,20261023,sample,9,10,1,61154
15,20261023,sample,10,11,1,61154
15,20261023,sample,11,12,1,61154
15,20261023,sample,12,13,1,61154
15,20261023,sample,13,14,1,61154
15,20261023,sample,14,15,1,61154
15,20261023,sample,15,15,1,61154
15,20261023,sample,16,27,1,61154
15,20261023,sample,17,40,1,61154
15,20261023,sample,18,50,1,61154
15,20261023,sample,19,62,1,61154
15,20261023,sample,20,71,1,61154
15,20261023,sample,21,75,1,61154
15,20261023,sample,22,83,1,61154
15,20261023,sample,23,91,1,61154
15,20261023,sample,24,96,1,61154
15,20261023,sample,25,102,1,61154
15,20261023,sample,26,104,1,61154
15,20261023,sample,27,110,1,61154
15,20261023,sample,28,113,1,61154
15,20261023,sample,29,113,1,61154
15,20261023,sample,30,102,1,61154
15,20261023,sample,31,130,1,61154
15,20261023,sample,32,153,1,61154
15,20261023,sample,33,172,1,61154
15,20261023,sample,34,189,1,61154
15,20261023,sample,35,205,1,61154
15,20261023,sample,36,226,1,61154
15,20261023,sample,37,240,1,61154
15,20261023,sample,38,255,1,61154
15,20261023,sample,39,264,1,61154
15,20261023,sample,40,268,1,61154
15,20261023,sample,41,269,1,61154
15,20261023,sample,42,273,1,61154
15,20261023,sample,43,273,1,61154
15,20261023,sample,44,268,1,61154
15,20261023,sample,45,262,1,61154
15,20261023,sample,46,277,1,61154
15,20261023,sample,47,288,1,61154
15,20261023,sample,48,303,1,61154
15,20261023,sample,49,312,1,61154
15,20261023,sample,50,326,1,61154
15,20261023,sample,51,336,1,61154
15,20261023,sample,52,344,1,61154
15,20261023,sample,53,349,1,61154
15,20261023,sample,54,355,1,61154
15,20261023,sample,55,361,1,61154
15,20261023,sample,56,362,1,61154
15,20261023,sample,57,362,1,61154
15,20261023,sample,58,360,1,61154
15,20261023,sample,59,360,1,61154
15,20261023,sample,60,355,1,61154
15,20261023,sample,61,358,1,61154
15,20261023,sample,62,363,1,61154
15,20261023,sample,63,367,1,61154
15,20261023,sample,64,371,1,61154
15,20261023,sample,65,376,1,61154
15,20261023,sample,66,378,1,61154
15,20261023,sample,67,378,1,61154
15,20261023,sample,68,380,1,61154
15,20261023,sample,69,377,1,61154
15,20261023,sample,70,377,1,61154
15,20261023,sample,71,380,1,61154
15,20261023,sample,72,379,1,61154
15,20261023,sample,73,376,1,61154
15,20261023,sample,74,373,1,61154
15,20261023,sample,75,368,1,61154
15,20261023,sample,76,370,1,61154
15,20261023,sample,77,375,1,61154
15,20261023,sample,78,381,1,61154
15,20261023,sample,79,384,1,61154
15,20261023,sample,80,388,1,61154
15,20261023,sample,81,388,1,61154
15,20261023,sample,82,387,1,61154
15,20261023,sample,83,387,1,61154
15,20261023,sample,84,388,1,61154
15,20261023,sample,85,389,1,61154
15,20261023,sample,86,388,1,61154
15,20261023,sample,87,388,1,61154
15,20261023,sample,88,386,1,61154
15,20261023,sample,89,384,1,61154
15,20261023,sample,90,381,1,61154
15,20261023,sample,91,383,1,61154
15,20261023,sample,92,384,1,61154
15,20261023,sample,93,386,1,61154
15,20261023,sample,94,386,1,61154
15,20261023,sample,95,388,1,61154
15,20261023,sample,96,386,1,61154
15,20261023,sample,97,388,1,61154
15,20261023,sample,98,392,1,61154
15,20261023,sample,99,390,1,61154
15,20261023,sample,100,390,1,61154
15,20261023,sample,101,388,1,61154
15,20261023,sample,102,389,1,61154
15,20261023,sample,103,387,1,61154
15,20261023,sample,104,386,1,61154
15,20261023,sample,105,383,1,61154
15,20261023,sample,106,384,1,61154
15,20261023,sample,107,386,1,61154
15,20261023,sample,108,389,1,61154
15,20261023,sample,109,394,1,61154
15,20261023,sample,110,394,1,61154
15,20261023,sample,111,394,1,61154
15,20261023,sample,112,395,1,61154
15,20261023,sample,113,395,1,61154
15,20261023,sample,114,394,1,61154
15,20261023,sample,115,394,1,61154
15,20261023,sample,116,394,1,61154
15,20261023,sample,117,391,1,61154
15,20261023,sample,118,390,1,61154
15,20261023,sample,119,390,1,61154
15,20261023,sample,120,387,1,61154
15,20261023,sample,121,388,1,61154
15,20261023,sample,122,390,1,61154
15,20261023,sample,123,390,1,61154
15,20261023,sample,124,391,1,61154
15,20261023,sample,125,390,1,61154
15,20261023,sample,126,391,1,61154
15,20261023,sample,127,390,1,61154
15,20261023,sample,128,387,1,61154
15,20261023,sample,129,389,1,61154
15,20261023,sample,130,387,1,61154
15,20261023,sample,131,386,1,61154
15,20261023,sample,132,384,1,61154
15,20261023,sample,133,383,1,61154
15,20261023,sample,134,381,1,61154
15,20261023,sample,135,379,1,61154
15,20261023,sample,136,384,1,61154
15,20261023,sample,137,384,1,61154
15,20261023,sample,138,384,1,61154
15,20261023,sample,139,386,1,61154
15,20261023,sample,140,385,1,61154
15,20261023,sample,141,385,1,61154
15,20261023,sample,142,383,1,61154
15,20261023,sample,143,382,1,61154
15,20261023,sample,144,381,1,61154
15,20261023,sample,145,383,1,61154
15,20261023,sample,146,380,1,61154
15,20261023,sample,147,378,1,61154
15,20261023,sample,148,375,1,61154
15,20261023,sample,149,374,1,61154
15,20261023,sample,150,370,1,61154
15,20261023,sample,151,373,1,61154
15,20261023,sample,152,373,1,61154
15,20261023,sample,153,374,1,61154
15,20261023,sample,154,379,1,61154
15,20261023,sample,155,375,1,61154
15,20261023,sample,156,376,1,61154
15,20261023,sample,157,376,1,61154
15,20261023,sample,158,373,1,61154
15,20261023,sample,159,367,1,61154
15,20261023,sample,160,361,1,61154
15,20261023,sample,161,357,1,61154
15,20261023,sample,162,355,1,61154
15,20261023,sample,163,351,1,61154
15,20261023,sample,164,347,1,61154
15,20261023,sample,165,337,1,61154
15,20261023,sample,166,340,1,61154
15,20261023,sample,167,342,1,61154
15,20261023,sample,168,348,1,61154
15,20261023,sample,169,348,1,61154
15,20261023,sample,170,349,1,61154
15,20261023,sample,171,353,1,61154
15,20261023,sample,172,353,1,61154
15,20261023,sample,173,345,1,61154
15,20261023,sample,174,335,1,61154
15,20261023,sample,175,328,1,61154
15,20261023,sample,176,320,1,61154
15,20261023,sample,177,307,1,61154
15,20261023,sample,178,295,1,61154
15,20261023,sample,179,281,1,61154
15,20261023,sample,180,264,1,61154
15,20261023,sample,181,276,1,61154
15,20261023,sample,182,277,1,61154
15,20261023,sample,183,277,1,61154
15,20261023,sample,184,282,1,61154
15,20261023,sample,185,274,1,61154
15,20261023,sample,186,269,1,61154
15,20261023,sample,187,259,1,61154
15,20261023,sample,188,247,1,61154
15,20261023,sample,189,227,1,61154
15,20261023,sample,190,211,1,61154
15,20261023,sample,191,193,1,61154
15,20261023,sample,192,166,1,61154
15,20261023,sample,193,143,1,61154
15,20261023,sample,194,121,1,61154
15,20261023,sample,195,104,1,61154
15,20261023,sample,196,116,1,61154
15,20261023,sample,197,114,1,61154
15,20261023,sample,198,111,1,61154
15,20261023,sample,199,108,1,61154
15,20261023,sample,200,105,1,61154
15,20261023,sample,201,100,1,61154
15,20261023,sample,202,93,1,61154
15,20261023,sample,203,85,1,61154
15,20261023,sample,204,78,1,61154
15,20261023,sample,205,70,1,61154
15,20261023,sample,206,61,1,61154
15,20261023,sample,207,51,1,61154
15,20261023,sample,208,41,1,61154
15,20261023,sample,209,29,1,61154
15,20261023,sample,210,15,1,61154
15,20261023,sample,211,15,1,61154
15,20261023,sample,212,14,1,61154
15,20261023,sample,213,13,1,61154
15,20261023,sample,214,12,1,61154
15,20261023,sample,215,11,1,61154
15,20261023,sample,216,10,1,61154
15,20261023,sample,217,9,1,61154
15,20261023,sample,218,8,1,61154
15,20261023,sample,219,7,1,61154
15,20261023,sample,220,6,1,61154
15,20261023,sample,221,5,1,61154
15,20261023,sample,222,4,1,61154
15,20261023,sample,223,3,1,61154
15,20261023,sample,224,2,1,61154
15,20261023,sample,225,1,1,61154
15,20261023,EELS,0,1,1,61842
15,20261023,EELS,1,2,1,61842
15,20261023,EELS,2,3,1,61842
15,20261023,EELS,3,4,1,61842
15,20261023,EELS,4,5,1,61842
15,20261023,EELS,5,6,1,61842
15,20261023,EELS,6,7,1,61842
15,20261023,EELS,7,8,1,61842
15,20261023,EELS,8,9,1,61842
15,20261023,EELS,9,10,1,61842
15,20261023,EELS,10,11,1,61842
15,20261023,EELS,11,12,1,61842
15,20261023,EELS,12,13,1,61842
15,20261023,EELS,13,14,1,61842
15,20261023,EELS,14,15,1,61842
15,20261023,EELS,15,15,1,61842
15,20261023,EELS,16,27,1,61842
15,20261023,EELS,17,40,1,61842
15,20261023,EELS,18,51,1,61842
15,20261023,EELS,19,62,1,61842
15,20261023,EELS,20,71,1,61842
15,20261023,EELS,21,75,1,61842
15,20261023,EELS,22,83,1,61842
15,20261023,EELS,23,91,1,61842
15,20261023,EELS,24,97,1,61842
15,20261023,EELS,25,102,1,61842
15,20261023,EELS,26,105,1,61842
15,20261023,EELS,27,110,1,61842
15,20261023,EELS,28,113,1,61842
15,20261023,EELS,29,114,1,61842
15,20261023,EELS,30,102,1,61842
15,20261023,EELS,31,132,1,61842
15,20261023,EELS,32,155,1,61842
15,20261023,EELS,33,174,1,61842
15,20261023,EELS,34,192,1,61842
15,20261023,EELS,35,207,1,61842
15,20261023,EELS,36,228,1,61842
15,20261023,EELS,37,244,1,61842
15,20261023,EELS,38,259,1,61842
15,20261023,EELS,39,266,1,61842
15,20261023,EELS,40,272,1,61842
15,20261023,EELS,41,274,1,61842
15,20261023,EELS,42,277,1,61842
15,20261023,EELS,43,281,1,61842
15,20261023,EELS,44,280,1,61842
15,20261023,EELS,45,262,1,61842
15,20261023,EELS,46,281,1,61842
15,20261023,EELS,47,294,1,61842
15,20261023,EELS,48,308,1,61842
15,20261023,EELS,49,314,1,61842
15,20261023,EELS,50,330,1,61842
15,20261023,EELS,51,338,1,61842
15,20261023,EELS,52,347,1,61842
15,20261023,EELS,53,351,1,61842
15,20261023,EELS,54,357,1,61842
15,20261023,EELS,55,363,1,61842
15,20261023,EELS,56,365,1,61842
15,20261023,EELS,57,365,1,61842
15,20261023,EELS,58,365,1,61842
15,20261023,EELS,59,363,1,61842
15,20261023,EELS,60,355,1,61842
15,20261023,EELS,61,360,1,61842
15,20261023,EELS,62,364,1,61842
15,20261023,EELS,63,369,1,61842
15,20261023,EELS,64,372,1,61842
15,20261023,EELS,65,379,1,61842
15,20261023,EELS,66,380,1,61842
15,20261023,EELS,67,380,1,61842
15,20261023,EELS,68,383,1,61842
15,20261023,EELS,69,379,1,61842
15,20261023,EELS,70,379,1,61842
15,20261023,EELS,71,382,1,61842
15,20261023,EELS,72,379,1,61842
15,20261023,EELS,73,380,1,61842
15,20261023,EELS,74,374,1,61842
15,20261023,EELS,75,368,1,61842
15,20261023,EELS,76,371,1,61842
15,20261023,EELS,77,378,1,61842
15,20261023,EELS,78,381,1,61842
15,20261023,EELS,79,387,1,61842
15,20261023,EELS,80,389,1,61842
15,20261023,EELS,81,388,1,61842
15,20261023,EELS,82,387,1,61842
15,20261023,EELS,83,388,1,61842
15,20261023,EELS,84,388,1,61842
15,20261023,EELS,85,390,1,61842
15,20261023,EELS,86,388,1,61842
15,20261023,EELS,87,389,1,61842
15,20261023,EELS,88,387,1,61842
15,20261023,EELS,89,385,1,61842
15,20261023,EELS,90,381,1,61842
15,20261023,EELS,91,383,1,61842
15,20261023,EELS,92,385,1,61842
15,20261023,EELS,93,386,1,61842
15,20261023,EELS,94,386,1,61842
15,20261023,EELS,95,389,1,61842
15,20261023,EELS,96,388,1,61842
15,20261023,EELS,97,389,1,61842
15,20261023,EELS,98,393,1,61842
15,20261023,EELS,99,391,1,61842
15,20261023,EELS,100,390,1,61842
15,20261023,EELS,101,389,1,61842
15,20261023,EELS,102,391,1,61842
15,20261023,EELS,103,389,1,61842
15,20261023,EELS,104,386,1,61842
15,20261023,EELS,105,383,1,61842
15,20261023,EELS,106,385,1,61842
15,20261023,EELS,107,386,1,61842
15,20261023,EELS,108,390,1,61842
15,20261023,EELS,109,394,1,61842
15,20261023,EELS,110,397,1,61842
15,20261023,EELS,111,395,1,61842
15,20261023,EELS,112,396,1,61842
15,20261023,EELS,113,396,1,61842
15,20261023,EELS,114,394,1,61842
15,20261023,EELS,115,395,1,61842
15,20261023,EELS,116,395,1,61842
15,20261023,EELS,117,393,1,61842
15,20261023,EELS,118,390,1,61842
15,20261023,EELS,119,391,1,61842
15,20261023,EELS,120,387,1,61842
15,20261023,EELS,121,392,1,61842
15,20261023,EELS,122,390,1,61842
15,20261023,EELS,123,390,1,61842
15,20261023,EELS,124,392,1,61842
15,20261023,EELS,125,391,1,61842
15,20261023,EELS,126,391,1,61842
15,20261023,EELS,127,390,1,61842
15,20261023,EELS,128,387,1,61842
15,20261023,EELS,129,390,1,61842
15,20261023,EELS,130,388,1,61842
15,20261023,EELS,131,387,1,61842
15,20261023,EELS,132,386,1,61842
15,20261023,EELS,133,384,1,61842
15,20261023,EELS,134,382,1,61842
15,20261023,EELS,135,379,1,61842
15,20261023,EELS,136,384,1,61842
15,20261023,EELS,137,386,1,61842
15,20261023,EELS,138,384,1,61842
15,20261023,EELS,139,388,1,61842
15,20261023,EELS,140,388,1,61842
15,20261023,EELS,141,387,1,61842
15,20261023,EELS,142,384,1,61842
15,20261023,EELS,143,384,1,61842
15,20261023,EELS,144,381,1,61842
15,20261023,EELS,145,384,1,61842
15,20261023,EELS,146,382,1,61842
15,20261023,EELS,147,378,1,61842
15,20261023,EELS,148,375,1,61842
15,20261023,EELS,149,374,1,61842
15,20261023,EELS,150,370,1,61842
15,20261023,EELS,151,374,1,61842
15,20261023,EELS,152,376,1,61842
15,20261023,EELS,153,377,1,61842
15,20261023,EELS,154,382,1,61842
15,20261023,EELS,155,376,1,61842
15,20261023,EELS,156,377,1,61842
15,20261023,EELS,157,381,1,61842
15,20261023,EELS,158,377,1,61842
15,20261023,EELS,159,368,1,61842
15,20261023,EELS,160,364,1,61842
15,20261023,EELS,161,359,1,61842
15,20261023,EELS,162,357,1,61842
15,20261023,EELS,163,352,1,61842
15,20261023,EELS,164,351,1,61842
15,20261023,EELS,165,337,1,61842
15,20261023,EELS,166,344,1,61842
15,20261023,EELS,167,347,1,61842
15,20261023,EELS,168,352,1,61842
15,20261023,EELS,169,356,1,61842
15,20261023,EELS,170,352,1,61842
15,20261023,EELS,171,358,1,61842
15,20261023,EELS,172,356,1,61842
15,20261023,EELS,173,345,1,61842
15,20261023,EELS,174,338,1,61842
15,20261023,EELS,175,329,1,61842
15,20261023,EELS,176,326,1,61842
15,20261023,EELS,177,311,1,61842
15,20261023,EELS,178,298,1,61842
15,20261023,EELS,179,284,1,61842
15,20261023,EELS,180,264,1,61842
15,20261023,EELS,181,280,1,61842
15,20261023,EELS,182,287,1,61842
15,20261023,EELS,183,281,1,61842
15,20261023,EELS,184,285,1,61842
15,20261023,EELS,185,274,1,61842
15,20261023,EELS,186,275,1,61842
15,20261023,EELS,187,261,1,61842
15,20261023,EELS,188,250,1,61842
15,20261023,EELS,189,233,1,61842
15,20261023,EELS,190,214,1,61842
15,20261023,EELS,191,196,1,61842
15,20261023,EELS,192,172,1,61842
15,20261023,EELS,193,146,1,61842
15,20261023,EELS,194,124,1,61842
15,20261023,EELS,195,104,1,61842
15,20261023,EELS,196,117,1,61842
15,20261023,EELS,197,114,1,61842
15,20261023,EELS,198,112,1,61842
15,20261023,EELS,199,109,1,61842
15,20261023,EELS,200,105,1,61842
15,20261023,EELS,201,100,1,61842
15,20261023,EELS,202,93,1,61842
15,20261023,EELS,203,85,1,61842
15,20261023,EELS,204,78,1,61842
15,20261023,EELS,205,70,1,61842
15,20261023,EELS,206,61,1,61842
15,20261023,EELS,207,51,1,61842
15,20261023,EELS,208,41,1,61842
15,20261023,EELS,209,29,1,61842
15,20261023,EELS,210,15,1,61842
15,20261023,EELS,211,15,1,61842
15,20261023,EELS,212,14,1,61842
15,20261023,EELS,213,13,1,61842
15,20261023,EELS,214,12,1,61842
15,20261023,EELS,215,11,1,61842
15,20261023,EELS,216,10,1,61842
15,20261023,EELS,217,9,1,61842
15,20261023,EELS,218,8,1,61842
15,20261023,EELS,219,7,1,61842
15,20261023,EELS,220,6,1,61842
15,20261023,EELS,221,5,1,61842
15,20261023,EELS,222,4,1,61842
15,20261023,EELS,223,3,1,61842
15,20261023,EELS,224,2,1,61842
15,20261023,EELS,225,1,1,61842
16,20261024,sample,0,1,1,73027
16,20261024,sample,1,2,1,73027
16,20261024,sample,2,3,1,73027
16,20261024,sample,3,4,1,73027
16,20261024,sample,4,5,1,73027
16,20261024,sample,5,6,1,73027
16,20261024,sample,6,7,1,73027
16,20261024,sample,7,8,1,73027
16,20261024,sample,8,9,1,73027
16,20261024,sample,9,10,1,73027
16,20261024,sample,10,11,1,73027
16,20261024,sample,11,12,1,73027
16,20261024,sample,12,13,1,73027
16,20261024,sample,13,14,1,73027
16,20261024,sample,14,15,1,73027
16,20261024,sample,15,16,1,73027
16,20261024,sample,16,16,1,73027
16,20261024,sample,17,27,1,73027
16,20261024,sample,18,37,1,73027
16,20261024,sample,19,49,1,73027
16,20261024,sample,20,58,1,73027
16,20261024,sample,21,70,1,73027
16,20261024,sample,22,80,1,73027
16,20261024,sample,23,87,1,73027
16,20261024,sample,24,95,1,73027
16,20261024,sample,25,102,1,73027
16,20261024,sample,26,107,1,73027
16,20261024,sample,27,110,1,73027
16,20261024,sample,28,116,1,73027
16,20261024,sample,29,120,1,73027
16,20261024,sample,30,125,1,73027
16,20261024,sample,31,125,1,73027
16,20261024,sample,32,116,1,73027
16,20261024,sample,33,132,1,73027
16,20261024,sample,34,150,1,73027
16,20261024,sample,35,164,1,73027
16,20261024,sample,36,179,1,73027
16,20261024,sample,37,195,1,73027
16,20261024,sample,38,211,1,73027
16,20261024,sample,39,237,1,73027
16,20261024,sample,40,251,1,73027
16,20261024,sample,41,266,1,73027
16,20261024,sample,42,281,1,73027
16,20261024,sample,43,288,1,73027
16,20261024,sample,44,295,1,73027
16,20261024,sample,45,296,1,73027
16,20261024,sample,46,299,1,73027
16,20261024,sample,47,296,1,73027
16,20261024,sample,48,290,1,73027
16,20261024,sample,49,315,1,73027
16,20261024,sample,50,325,1,73027
16,20261024,sample,51,330,1,73027
16,20261024,sample,52,339,1,73027
16,20261024,sample,53,348,1,73027
16,20261024,sample,54,354,1,73027
16,20261024,sample,55,359,1,73027
16,20261024,sample,56,361,1,73027
16,20261024,sample,57,366,1,73027
16,20261024,sample,58,366,1,73027
16,20261024,sample,59,368,1,73027
16,20261024,sample,60,372,1,73027
16,20261024,sample,61,370,1,73027
16,20261024,sample,62,368,1,73027
16,20261024,sample,63,367,1,73027
16,20261024,sample,64,363,1,73027
16,20261024,sample,65,367,1,73027
16,20261024,sample,66,368,1,73027
16,20261024,sample,67,372,1,73027
16,20261024,sample,68,374,1,73027
16,20261024,sample,69,375,1,73027
16,20261024,sample,70,378,1,73027
16,20261024,sample,71,379,1,73027
16,20261024,sample,72,381,1,73027
16,20261024,sample,73,385,1,73027
16,20261024,sample,74,383,1,73027
16,20261024,sample,75,383,1,73027
16,20261024,sample,76,385,1,73027
16,20261024,sample,77,384,1,73027
16,20261024,sample,78,384,1,73027
16,20261024,sample,79,382,1,73027
16,20261024,sample,80,380,1,73027
16,20261024,sample,81,382,1,73027
16,20261024,sample,82,383,1,73027
16,20261024,sample,83,384,1,73027
16,20261024,sample,84,384,1,73027
16,20261024,sample,85,386,1,73027
16,20261024,sample,86,386,1,73027
16,20261024,sample,87,386,1,73027
16,20261024,sample,88,385,1,73027
16,20261024,sample,89,388,1,73027
16,20261024,sample,90,386,1,73027
16,20261024,sample,91,384,1,73027
16,20261024,sample,92,385,1,73027
16,20261024,sample,93,384,1,73027
16,20261024,sample,94,384,1,73027
16,20261024,sample,95,383,1,73027
16,20261024,sample,96,382,1,73027
16,20261024,sample,97,384,1,73027
16,20261024,sample,98,386,1,73027
16,20261024,sample,99,389,1,73027
16,20261024,sample,100,390,1,73027
16,20261024,sample,101,392,1,73027
16,20261024,sample,102,393,1,73027
16,20261024,sample,103,392,1,73027
16,20261024,sample,104,393,1,73027
16,20261024,sample,105,393,1,73027
16,20261024,sample,106,394,1,73027
16,20261024,sample,107,394,1,73027
16,20261024,sample,108,394,1,73027
16,20261024,sample,109,395,1,73027
16,20261024,sample,110,394,1,73027
16,20261024,sample,111,393,1,73027
16,20261024,sample,112,392,1,73027
16,20261024,sample,113,393,1,73027
16,20261024,sample,114,392,1,73027
16,20261024,sample,115,392,1,73027
16,20261024,sample,116,392,1,73027
16,20261024,sample,117,392,1,73027
16,20261024,sample,118,392,1,73027
16,20261024,sample,119,393,1,73027
16,20261024,sample,120,394,1,73027
16,20261024,sample,121,391,1,73027
16,20261024,sample,122,391,1,73027
16,20261024,sample,123,392,1,73027
16,20261024,sample,124,392,1,73027
16,20261024,sample,125,392,1,73027
16,20261024,sample,126,392,1,73027
16,20261024,sample,127,392,1,73027
16,20261024,sample,128,392,1,73027
16,20261024,sample,129,392,1,73027
16,20261024,sample,130,392,1,73027
16,20261024,sample,131,392,1,73027
16,20261024,sample,132,391,1,73027
16,20261024,sample,133,392,1,73027
16,20261024,sample,134,394,1,73027
16,20261024,sample,135,394,1,73027
16,20261024,sample,136,393,1,73027
16,20261024,sample,137,393,1,73027
16,20261024,sample,138,393,1,73027
16,20261024,sample,139,394,1,73027
16,20261024,sample,140,393,1,73027
16,20261024,sample,141,392,1,73027
16,20261024,sample,142,392,1,73027
16,20261024,sample,143,392,1,73027
16,20261024,sample,144,391,1,73027
16,20261024,sample,145,391,1,73027
16,20261024,sample,146,392,1,73027
16,20261024,sample,147,393,1,73027
16,20261024,sample,148,393,1,73027
16,20261024,sample,149,395,1,73027
16,20261024,sample,150,395,1,73027
16,20261024,sample,151,395,1,73027
16,20261024,sample,152,395,1,73027
16,20261024,sample,153,392,1,73027
16,20261024,sample,154,392,1,73027
16,20261024,sample,155,393,1,73027
16,20261024,sample,156,393,1,73027
16,20261024,sample,157,394,1,73027
16,20261024,sample,158,391,1,73027
16,20261024,sample,159,391,1,73027
16,20261024,sample,160,391,1,73027
16,20261024,sample,161,391,1,73027
16,20261024,sample,162,394,1,73027
16,20261024,sample,163,394,1,73027
16,20261024,sample,164,395,1,73027
16,20261024,sample,165,394,1,73027
16,20261024,sample,166,394,1,73027
16,20261024,sample,167,393,1,73027
16,20261024,sample,168,393,1,73027
16,20261024,sample,169,393,1,73027
16,20261024,sample,170,392,1,73027
16,20261024,sample,171,392,1,73027
16,20261024,sample,172,391,1,73027
16,20261024,sample,173,389,1,73027
16,20261024,sample,174,387,1,73027
16,20261024,sample,175,386,1,73027
16,20261024,sample,176,384,1,73027
16,20261024,sample,177,384,1,73027
16,20261024,sample,178,386,1,73027
16,20261024,sample,179,386,1,73027
16,20261024,sample,180,386,1,73027
16,20261024,sample,181,387,1,73027
16,20261024,sample,182,386,1,73027
16,20261024,sample,183,387,1,73027
16,20261024,sample,184,387,1,73027
16,20261024,sample,185,383,1,73027
16,20261024,sample,186,380,1,73027
16,20261024,sample,187,377,1,73027
16,20261024,sample,188,374,1,73027
16,20261024,sample,189,370,1,73027
16,20261024,sample,190,368,1,73027
16,20261024,sample,191,364,1,73027
16,20261024,sample,192,360,1,73027
16,20261024,sample,193,365,1,73027
16,20261024,sample,194,364,1,73027
16,20261024,sample,195,365,1,73027
16,20261024,sample,196,371,1,73027
16,20261024,sample,197,372,1,73027
16,20261024,sample,198,369,1,73027
16,20261024,sample,199,364,1,73027
16,20261024,sample,200,359,1,73027
16,20261024,sample,201,354,1,73027
16,20261024,sample,202,352,1,73027
16,20261024,sample,203,338,1,73027
16,20261024,sample,204,330,1,73027
16,20261024,sample,205,325,1,73027
16,20261024,sample,206,311,1,73027
16,20261024,sample,207,299,1,73027
16,20261024,sample,208,288,1,73027
16,20261024,sample,209,292,1,73027
16,20261024,sample,210,294,1,73027
16,20261024,sample,211,294,1,73027
16,20261024,sample,212,302,1,73027
16,20261024,sample,213,298,1,73027
16,20261024,sample,214,293,1,73027
16,20261024,sample,215,286,1,73027
16,20261024,sample,216,270,1,73027
16,20261024,sample,217,255,1,73027
16,20261024,sample,218,243,1,73027
16,20261024,sample,219,218,1,73027
16,20261024,sample,220,205,1,73027
16,20261024,sample,221,180,1,73027
16,20261024,sample,222,155,1,73027
16,20261024,sample,223,134,1,73027
16,20261024,sample,224,114,1,73027
16,20261024,sample,225,125,1,73027
16,20261024,sample,226,126,1,73027
16,20261024,sample,227,120,1,73027
16,20261024,sample,228,114,1,73027
16,20261024,sample,229,109,1,73027
16,20261024,sample,230,101,1,73027
16,20261024,sample,231,92,1,73027
16,20261024,sample,232,86,1,73027
16,20261024,sample,233,78,1,73027
16,20261024,sample,234,71,1,73027
16,20261024,sample,235,64,1,73027
16,20261024,sample,236,57,1,73027
16,20261024,sample,237,47,1,73027
16,20261024,sample,238,39,1,73027
16,20261024,sample,239,27,1,73027
16,20261024,sample,240,16,1,73027
16,20261024,sample,241,16,1,73027
16,20261024,sample,242,15,1,73027
16,20261024,sample,243,14,1,73027
16,20261024,sample,244,13,1,73027
16,20261024,sample,245,12,1,73027
16,20261024,sample,246,11,1,73027
16,20261024,sample,247,10,1,73027
16,20261024,sample,248,9,1,73027
16,20261024,sample,249,8,1,73027
16,20261024,sample,250,7,1,73027
16,20261024,sample,251,6,1,73027
16,20261024,sample,252,5,1,73027
16,20261024,sample,253,4,1,73027
16,20261024,sample,254,3,1,73027
16,20261024,sample,255,2,1,73027
16,20261024,sample,256,1,1,73027
16,20261024,EELS,0,1,1,73501
16,20261024,EELS,1,2,1,73501
16,20261024,EELS,2,3,1,73501
16,20261024,EELS,3,4,1,73501
16,20261024,EELS,4,5,1,73501
16,20261024,EELS,5,6,1,73501
16,20261024,EELS,6,7,1,73501
16,20261024,EELS,7,8,1,73501
16,20261024,EELS,8,9,1,73501
16,20261024,EELS,9,10,1,73501
16,20261024,EELS,10,11,1,73501
16,20261024,EELS,11,12,1,73501
16,20261024,EELS,12,13,1,73501
16,20261024,EELS,13,14,1,73501
16,20261024,EELS,14,15,1,73501
16,20261024,EELS,15,16,1,73501
16,20261024,EELS,16,16,1,73501
16,20261024,EELS,17,27,1,73501
16,20261024,EELS,18,37,1,73501
16,20261024,EELS,19,49,1,73501
16,20261024,EELS,20,59,1,73501
16,20261024,EELS,21,70,1,73501
16,20261024,EELS,22,80,1,73501
16,20261024,EELS,23,87,1,73501
16,20261024,EELS,24,95,1,73501
16,20261024,EELS,25,103,1,73501
16,20261024,EELS,26,107,1,73501
16,20261024,EELS,27,111,1,73501
16,20261024,EELS,28,116,1,73501
16,20261024,EELS,29,121,1,73501
16,20261024,EELS,30,125,1,73501
16,20261024,EELS,31,126,1,73501
16,20261024,EELS,32,116,1,73501
16,20261024,EELS,33,135,1,73501
16,20261024,EELS,34,153,1,73501
16,20261024,EELS,35,166,1,73501
16,20261024,EELS,36,180,1,73501
16,20261024,EELS,37,198,1,73501
16,20261024,EELS,38,216,1,73501
16,20261024,EELS,39,240,1,73501
16,20261024,EELS,40,254,1,73501
16,20261024,EELS,41,270,1,73501
16,20261024,EELS,42,282,1,73501
16,20261024,EELS,43,291,1,73501
16,20261024,EELS,44,295,1,73501
16,20261024,EELS,45,304,1,73501
16,20261024,EELS,46,305,1,73501
16,20261024,EELS,47,302,1,73501
16,20261024,EELS,48,290,1,73501
16,20261024,EELS,49,317,1,73501
16,20261024,EELS,50,326,1,73501
16,20261024,EELS,51,332,1,73501
16,20261024,EELS,52,341,1,73501
16,20261024,EELS,53,351,1,73501
16,20261024,EELS,54,357,1,73501
16,20261024,EELS,55,361,1,73501
16,20261024,EELS,56,362,1,73501
16,20261024,EELS,57,368,1,73501
16,20261024,EELS,58,368,1,73501
16,20261024,EELS,59,370,1,73501
16,20261024,EELS,60,374,1,73501
16,20261024,EELS,61,374,1,73501
16,20261024,EELS,62,369,1,73501
16,20261024,EELS,63,370,1,73501
16,20261024,EELS,64,363,1,73501
16,20261024,EELS,65,369,1,73501
16,20261024,EELS,66,369,1,73501
16,20261024,EELS,67,372,1,73501
16,20261024,EELS,68,375,1,73501
16,20261024,EELS,69,377,1,73501
16,20261024,EELS,70,379,1,73501
16,20261024,EELS,71,379,1,73501
16,20261024,EELS,72,381,1,73501
16,20261024,EELS,73,385,1,73501
16,20261024,EELS,74,383,1,73501
16,20261024,EELS,75,386,1,73501
16,20261024,EELS,76,385,1,73501
16,20261024,EELS,77,384,1,73501
16,20261024,EELS,78,384,1,73501
16,20261024,EELS,79,384,1,73501
16,20261024,EELS,80,380,1,73501
16,20261024,EELS,81,384,1,73501
16,20261024,EELS,82,384,1,73501
16,20261024,EELS,83,384,1,73501
16,20261024,EELS,84,385,1,73501
16,20261024,EELS,85,386,1,73501
16,20261024,EELS,86,386,1,73501
16,20261024,EELS,87,386,1,73501
16,20261024,EELS,88,386,1,73501
16,20261024,EELS,89,388,1,73501
16,20261024,EELS,90,386,1,73501
16,20261024,EELS,91,384,1,73501
16,20261024,EELS,92,385,1,73501
16,20261024,EELS,93,384,1,73501
16,20261024,EELS,94,384,1,73501
16,20261024,EELS,95,383,1,73501
16,20261024,EELS,96,382,1,73501
16,20261024,EELS,97,385,1,73501
16,20261024,EELS,98,386,1,73501
16,20261024,EELS,99,389,1,73501
16,20261024,EELS,100,391,1,73501
16,20261024,EELS,101,392,1,73501
16,20261024,EELS,102,393,1,73501
16,20261024,EELS,103,392,1,73501
16,20261024,EELS,104,393,1,73501
16,20261024,EELS,105,393,1,73501
16,20261024,EELS,106,395,1,73501
16,20261024,EELS,107,395,1,73501
16,20261024,EELS,108,394,1,73501
16,20261024,EELS,109,396,1,73501
16,20261024,EELS,110,394,1,73501
16,20261024,EELS,111,393,1,73501
16,20261024,EELS,112,392,1,73501
16,20261024,EELS,113,395,1,73501
16,20261024,EELS,114,392,1,73501
16,20261024,EELS,115,392,1,73501
16,20261024,EELS,116,394,1,73501
16,20261024,EELS,117,392,1,73501
16,20261024,EELS,118,393,1,73501
16,20261024,EELS,119,393,1,73501
16,20261024,EELS,120,394,1,73501
16,20261024,EELS,121,391,1,73501
16,20261024,EELS,122,391,1,73501
16,20261024,EELS,123,392,1,73501
16,20261024,EELS,124,392,1,73501
16,20261024,EELS,125,392,1,73501
16,20261024,EELS,126,392,1,73501
16,20261024,EELS,127,392,1,73501
16,20261024,EELS,128,392,1,73501
16,20261024,EELS,129,392,1,73501
16,20261024,EELS,130,393,1,73501
16,20261024,EELS,131,393,1,73501
16,20261024,EELS,132,391,1,73501
16,20261024,EELS,133,393,1,73501
16,20261024,EELS,134,395,1,73501
16,20261024,EELS,135,395,1,73501
16,20261024,EELS,136,394,1,73501
16,20261024,EELS,137,393,1,73501
16,20261024,EELS,138,394,1,73501
16,20261024,EELS,139,394,1,73501
16,20261024,EELS,140,395,1,73501
16,20261024,EELS,141,393,1,73501
16,20261024,EELS,142,393,1,73501
16,20261024,EELS,143,392,1,73501
16,20261024,EELS,144,391,1,73501
16,20261024,EELS,145,391,1,73501
16,20261024,EELS,146,393,1,73501
16,20261024,EELS,147,393,1,73501
16,20261024,EELS,148,393,1,73501
16,20261024,EELS,149,395,1,73501
16,20261024,EELS,150,395,1,73501
16,20261024,EELS,151,396,1,73501
16,20261024,EELS,152,395,1,73501
16,20261024,EELS,153,392,1,73501
16,20261024,EELS,154,392,1,73501
16,20261024,EELS,155,393,1,73501
16,20261024,EELS,156,393,1,73501
16,20261024,EELS,157,395,1,73501
16,20261024,EELS,158,391,1,73501
16,20261024,EELS,159,391,1,73501
16,20261024,EELS,160,391,1,73501
16,20261024,EELS,161,392,1,73501
16,20261024,EELS,162,394,1,73501
16,20261024,EELS,163,394,1,73501
16,20261024,EELS,164,395,1,73501
16,20261024,EELS,165,395,1,73501
16,20261024,EELS,166,394,1,73501
16,20261024,EELS,167,393,1,73501
16,20261024,EELS,168,393,1,73501
16,20261024,EELS,169,393,1,73501
16,20261024,EELS,170,393,1,73501
16,20261024,EELS,171,392,1,73501
16,20261024,EELS,172,391,1,73501
16,20261024,EELS,173,389,1,73501
16,20261024,EELS,174,387,1,73501
16,20261024,EELS,175,387,1,73501
16,20261024,EELS,176,384,1,73501
16,20261024,EELS,177,385,1,73501
16,20261024,EELS,178,387,1,73501
16,20261024,EELS,179,387,1,73501
16,20261024,EELS,180,387,1,73501
16,20261024,EELS,181,390,1,73501
16,20261024,EELS,182,387,1,73501
16,20261024,EELS,183,387,1,73501
16,20261024,EELS,184,388,1,73501
16,20261024,EELS,185,383,1,73501
16,20261024,EELS,186,381,1,73501
16,20261024,EELS,187,377,1,73501
16,20261024,EELS,188,374,1,73501
16,20261024,EELS,189,372,1,73501
16,20261024,EELS,190,368,1,73501
16,20261024,EELS,191,365,1,73501
16,20261024,EELS,192,360,1,73501
16,20261024,EELS,193,366,1,73501
16,20261024,EELS,194,364,1,73501
16,20261024,EELS,195,370,1,73501
16,20261024,EELS,196,372,1,73501
16,20261024,EELS,197,374,1,73501
16,20261024,EELS,198,374,1,73501
16,20261024,EELS,199,366,1,73501
16,20261024,EELS,200,362,1,73501
16,20261024,EELS,201,357,1,73501
16,20261024,EELS,202,355,1,73501
16,20261024,EELS,203,341,1,73501
16,20261024,EELS,204,331,1,73501
16,20261024,EELS,205,326,1,73501
16,20261024,EELS,206,314,1,73501
16,20261024,EELS,207,304,1,73501
16,20261024,EELS,208,288,1,73501
16,20261024,EELS,209,296,1,73501
16,20261024,EELS,210,299,1,73501
16,20261024,EELS,211,301,1,73501
16,20261024,EELS,212,305,1,73501
16,20261024,EELS,213,303,1,73501
16,20261024,EELS,214,295,1,73501
16,20261024,EELS,215,287,1,73501
16,20261024,EELS,216,272,1,73501
16,20261024,EELS,217,259,1,73501
16,20261024,EELS,218,243,1,73501
16,20261024,EELS,219,221,1,73501
16,20261024,EELS,220,207,1,73501
16,20261024,EELS,221,182,1,73501
16,20261024,EELS,222,158,1,73501
16,20261024,EELS,223,135,1,73501
16,20261024,EELS,224,114,1,73501
16,20261024,EELS,225,128,1,73501
16,20261024,EELS,226,126,1,73501
16,20261024,EELS,227,121,1,73501
16,20261024,EELS,228,115,1,73501
16,20261024,EELS,229,109,1,73501
16,20261024,EELS,230,102,1,73501
16,20261024,EELS,231,93,1,73501
16,20261024,EELS,232,86,1,73501
16,20261024,EELS,233,78,1,73501
16,20261024,EELS,234,71,1,73501
16,20261024,EELS,235,65,1,73501
16,20261024,EELS,236,57,1,73501
16,20261024,EELS,237,47,1,73501
16,20261024,EELS,238,39,1,73501
16,20261024,EELS,239,28,1,73501
16,20261024,EELS,240,16,1,73501
16,20261024,EELS,241,16,1,73501
16,20261024,EELS,242,15,1,73501
16,20261024,EELS,243,14,1,73501
16,20261024,EELS,244,13,1,73501
16,20261024,EELS,245,12,1,73501
16,20261024,EELS,246,11,1,73501
16,20261024,EELS,247,10,1,73501
16,20261024,EELS,248,9,1,73501
16,20261024,EELS,249,8,1,73501
16,20261024,EELS,250,7,1,73501
16,20261024,EELS,251,6,1,73501
16,20261024,EELS,252,5,1,73501
16,20261024,EELS,253,4,1,73501
16,20261024,EELS,254,3,1,73501
16,20261024,EELS,255,2,1,73501
16,20261024,EELS,256,1,1,73501
