n,mode,total_bond_max,blocks,numeric_bytes,julia_summarysize_bytes
2,EELS,2,8,64,38888
2,full,2,8,64,11616
2,sample,2,8,64,38888
3,EELS,5,32,256,102496
3,full,5,32,256,30064
3,sample,5,32,256,102496
4,EELS,9,100,800,206752
4,full,9,100,800,70416
4,sample,9,100,800,206752
5,EELS,19,276,2208,384072
5,full,19,276,2208,170408
5,sample,19,276,2208,384072
6,EELS,34,708,5664,690272
6,full,34,708,5664,383232
6,sample,34,708,5664,690272
7,EELS,69,1726,13808,1341688
7,full,69,1732,13856,950408
7,sample,69,1718,13744,1338744
8,EELS,122,3895,31160,2489832
8,full,125,4100,32800,2057408
8,sample,121,3809,30472,2455432
9,EELS,204,8050,64400,5167936
9,full,251,9476,75808,5361160
9,sample,195,7726,61808,5002624
10,EELS,275,14243,113944,9212560
10,full,461,21508,172064,11883904
10,sample,267,13599,108792,8863056
11,EELS,332,22211,177688,14573360
11,full,923,48132,385056,29194056
11,sample,322,21331,170648,14136880
12,EELS,356,30835,246680,20802488
12,full,1715,106500,852000,64270912
12,sample,355,29909,239272,20288216
13,EELS,379,40558,324464,28287408
13,full,3431,233476,1867808,153184968
13,sample,374,39712,317696,27813648
14,EELS,392,50826,406608,36872024
14,full,6434,507908,4063264,335446272
14,sample,389,50122,400976,36404568
15,EELS,397,61842,494736,46614472
15,full,12869,1097732,8781856,780455048
15,sample,395,61154,489232,46159816
16,EELS,396,73501,588008,57611408
16,full,24309,2359300,18874400,1702132352
16,sample,395,73027,584216,57300464
