span,i,maxrank,meanrank,covers,initial_charge_coverage,initial_unique
5,1,24,18.174107142857142,30741112,0.9761729304839106,500
5,2,24,18.174107142857142,30741112,0.9891918447555883,500
5,3,24,18.174107142857142,30741112,0.9680668140506018,500
5,4,24,18.174107142857142,30741112,0.984033407025301,500
5,5,24,18.174107142857142,30741112,0.9710144927536232,500
5,6,24,18.174107142857142,30741112,0.984033407025301,500
5,7,24,18.174107142857142,30741112,0.9796118889707689,500
5,8,24,18.174107142857142,30741112,0.9830508474576272,500
5,9,24,18.174107142857142,30741112,0.9783836895111766,500
5,10,24,18.174107142857142,30741112,0.9850159665929747,500
5,11,24,18.174107142857142,30741112,0.9805944485384427,500
5,12,24,18.174107142857142,30741112,0.979120609186932,500
5,13,24,18.174107142857142,30741112,0.969786293294031,500
5,14,24,18.174107142857142,30741112,0.9783836895111766,500
5,15,24,18.174107142857142,30741112,0.9788749692950135,500
5,16,24,18.174107142857142,30741112,0.984033407025301,500
5,17,24,18.174107142857142,30741112,0.9889462048636699,500
5,18,24,18.174107142857142,30741112,0.9776467698354213,500
5,19,24,18.174107142857142,30741112,0.9761729304839106,500
5,20,24,18.174107142857142,30741112,0.9766642102677475,500
5,21,24,18.174107142857142,30741112,0.9864898059444854,500
5,22,24,18.174107142857142,30741112,0.974207811348563,500
5,23,24,18.174107142857142,30741112,0.9793662490788504,500
5,24,24,18.174107142857142,30741112,0.9832964873495456,500
5,25,24,18.174107142857142,30741112,0.979120609186932,500
5,26,24,18.174107142857142,30741112,0.9845246868091379,500
5,27,24,18.174107142857142,30741112,0.971997052321297,500
5,28,24,18.174107142857142,30741112,0.9872267256202407,500
5,29,24,18.174107142857142,30741112,0.976418570375829,500
5,30,24,18.174107142857142,30741112,0.9847703267010562,500
5,31,24,18.174107142857142,30741112,0.976418570375829,500
5,32,24,18.174107142857142,30741112,0.979120609186932,500
5,33,24,18.174107142857142,30741112,0.9739621714566445,500
5,34,24,18.174107142857142,30741112,0.9810857283222796,500
5,35,24,18.174107142857142,30741112,0.9820682878899534,500
5,36,24,18.174107142857142,30741112,0.9835421272414641,500
5,37,24,18.174107142857142,30741112,0.9754360108081552,500
5,38,24,18.174107142857142,30741112,0.9830508474576272,500
5,39,24,18.174107142857142,30741112,0.9845246868091379,500
5,40,24,18.174107142857142,30741112,0.9705232129697863,500
6,1,48,31.5,25884763,0.8691893424036281,500
6,2,48,32.183035714285715,28546047,0.8807046747121654,500
6,3,48,33.9375,23965048,0.9005524861878453,500
6,4,48,32.55357142857143,26829278,0.896187602852441,500
6,5,48,33.419642857142854,26811137,0.8559978626769971,500
6,6,48,33.964285714285715,22273521,0.8748685594111462,500
6,7,48,33.120535714285715,24818634,0.8905512872354765,500
6,8,48,32.72767857142857,24380616,0.8817350975310326,500
6,9,48,34.29017857142857,26984791,0.8836089050904831,500
6,10,48,33.6875,28196603,0.8861648555526107,500
6,11,48,33.892857142857146,28264252,0.8836933614330874,500
6,12,48,33.004464285714285,28562937,0.8506695522791831,500
6,13,48,33.138392857142854,28667159,0.9050249225380574,500
6,14,48,34.870535714285715,24287331,0.8727435667648188,500
6,15,48,33.8125,28673171,0.8777396355954582,500
6,16,48,33.308035714285715,28537521,0.8720010722423268,500
6,17,48,34.200892857142854,23484085,0.8840882391332724,500
6,18,48,33.348214285714285,23354347,0.8954484605087015,500
6,19,48,32.745535714285715,27943577,0.8567143830947512,500
6,20,48,33.517857142857146,27339060,0.8857218966435801,500
6,21,48,33.04017857142857,25700656,0.9156870693149575,500
6,22,48,32.46875,28448821,0.8832668774920941,500
6,23,48,33.691964285714285,26940565,0.8643169471313105,500
6,24,48,33.236607142857146,27327487,0.8710543989254533,500
6,25,48,33.53125,26958419,0.8876314738383704,500
6,26,48,33.455357142857146,26280685,0.8811048839071257,500
6,27,48,31.973214285714285,27349920,0.8701480033510193,500
6,28,48,34.24107142857143,24301339,0.8640156453715776,500
6,29,48,33.455357142857146,23119691,0.8785695222844943,500
6,30,48,32.375,26539858,0.8723110865968009,500
6,31,48,33.111607142857146,27582519,0.8805446946204665,500
6,32,48,34.589285714285715,25734096,0.8953278265358803,500
6,33,48,34.169642857142854,26030780,0.8952181865691142,500
6,34,48,34.21875,25696326,0.9061969993476843,500
6,35,48,33.513392857142854,26316661,0.8834421206873585,500
6,36,48,32.058035714285715,27847564,0.8455646845843198,500
6,37,48,33.120535714285715,25084172,0.8738374443995147,500
6,38,48,32.441964285714285,25676336,0.8852346222650337,500
6,39,48,34.357142857142854,23374472,0.8798076923076923,500
6,40,48,32.723214285714285,25465955,0.8668485675306957,500
8,1,192,105.23214285714286,23229222,0.5942643814695401,500
8,2,192,112.9375,21223290,0.5988615700845916,500
8,3,192,109.14285714285714,24175915,0.5906004581151832,500
8,4,192,114.82589285714286,21789863,0.5817036662649198,500
8,5,192,115.23660714285714,22328071,0.5922597140975477,500
8,6,192,100.51785714285714,23457430,0.6148072481790726,500
8,7,192,116.20089285714286,24397745,0.6108571209036076,500
8,8,192,112.87946428571429,23623269,0.5783270713861973,500
8,9,189,109.22767857142857,23043484,0.592594106347325,500
8,10,187,104.56696428571429,24131445,0.6024420441446442,500
8,11,192,113.47767857142857,21755406,0.6007710767536095,500
8,12,192,110.67410714285714,22166290,0.6101407768948409,500
8,13,192,114.08482142857143,22926251,0.5972216787321464,500
8,14,186,107.01785714285714,22798126,0.5960287001501752,500
8,15,186,101.36607142857143,22866287,0.6027922135118471,500
8,16,182,102.12053571428571,23827126,0.5633661202185792,500
8,17,187,111.59821428571429,20915032,0.5730458436674934,500
8,18,186,105.83928571428571,23890175,0.5799730048928632,500
8,19,190,110.35714285714286,25723313,0.6122168284789644,500
8,20,192,104.29017857142857,22382708,0.5941098411883053,500
8,21,191,109.70982142857143,23397084,0.5868158697863682,500
8,22,192,101.79464285714286,23936360,0.5906937987895798,500
8,23,192,105.62946428571429,23672131,0.6329402814758464,500
8,24,192,112.54017857142857,25496908,0.5817366813439645,500
8,25,192,105.66964285714286,23143849,0.5708491761723701,500
8,26,190,103.58482142857143,21828526,0.5797957160711977,500
8,27,192,112.54910714285714,25931272,0.6175478957597874,500
8,28,192,112.57142857142857,23046896,0.583320114213198,500
8,29,170,96.00446428571429,19565643,0.57916763543362,500
8,30,192,116.73214285714286,22418413,0.5811916781398195,500
8,31,192,105.09821428571429,23575954,0.5905615495709795,500
8,32,192,108.34375,20789184,0.6295685854382134,500
8,33,180,102.37946428571429,25098598,0.5960406401255832,500
8,34,192,104.77678571428571,24774630,0.5714955262036643,500
8,35,192,110.44196428571429,23937496,0.6125146529770807,500
8,36,192,107.49107142857143,25624899,0.587258077913448,500
8,37,192,112.4375,22440444,0.6112919876121655,500
8,38,192,111.52232142857143,19991821,0.5751170889876306,500
8,39,192,108.25892857142857,21441035,0.5738144329896907,500
8,40,188,102.5,21784583,0.590418118466899,500
10,1,656,330.45535714285717,19497755,0.3205803679987031,500
10,2,722,339.01785714285717,20228581,0.33467210956017907,500
10,3,663,320.57589285714283,21857864,0.3285521313484382,500
10,4,694,335.15625,21190274,0.32707292707292707,500
10,5,716,304.64732142857144,23229753,0.3314722820591726,500
10,6,744,345.55357142857144,22863743,0.3377990801508966,500
10,7,686,314.38392857142856,20999320,0.356025105790804,500
10,8,686,329.1875,25096876,0.3560036887357943,500
10,9,730,320.4107142857143,21952355,0.37270801984060636,500
10,10,670,316.4107142857143,19704613,0.37029459901800327,500
10,11,609,287.8125,23454244,0.35079882115712735,500
10,12,722,325.6607142857143,19670738,0.3366370565334211,500
10,13,715,348.57142857142856,22399153,0.3407018442622951,500
10,14,758,343.35714285714283,18962942,0.3423913043478261,500
10,15,729,328.96875,21916260,0.34630677577386043,500
10,16,702,328.11607142857144,19656659,0.3315328308253286,500
10,17,713,330.51785714285717,24069238,0.33748446701604623,500
10,18,751,359.5625,25127775,0.3318144570534628,500
10,19,767,360.58035714285717,21840146,0.3471338368206017,500
10,20,720,342.83482142857144,22980657,0.32690930399114526,500
10,21,640,310.57589285714283,19688269,0.3290833560925125,500
10,22,716,376.66964285714283,19350140,0.3198023087681039,500
10,23,757,325.0044642857143,18911044,0.319954396230821,500
10,24,741,320.11607142857144,17007505,0.3601511728446713,500
10,25,739,347.21875,22439086,0.3329519009475809,500
10,26,752,370.57142857142856,20303738,0.3150419236700077,500
10,27,766,327.23660714285717,19674218,0.32964079616922004,500
10,28,764,303.2142857142857,23078617,0.3587455830388693,500
10,29,743,352.8482142857143,19602843,0.3219084491004327,500
10,30,726,346.2544642857143,24451311,0.34842253194260003,500
10,31,737,344.96875,17637692,0.33371293983668293,500
10,32,768,335.3125,21083427,0.3569165224337638,500
10,33,768,341.53125,21958993,0.3383396729540018,500
10,34,749,359.0580357142857,19141064,0.3528080667420955,500
10,35,688,316.54017857142856,23447397,0.345645582116917,500
10,36,749,348.35714285714283,21534994,0.344640660241952,500
10,37,730,373.0,21563777,0.3431036959019533,500
10,38,758,339.63392857142856,22452926,0.3483267173164384,500
10,39,720,350.01339285714283,21422285,0.3389538665612285,500
10,40,746,373.375,18997333,0.3442775838155818,500
12,1,2806,953.2321428571429,22462507,0.17946460351061239,500
12,2,2349,867.0401785714286,25519274,0.20095563210223616,500
12,3,2277,846.1607142857143,22053586,0.1852696000844149,500
12,4,2793,1023.8125,22617540,0.1739210060435871,500
12,5,2988,1116.4642857142858,23339303,0.16852867790537732,500
12,6,2792,947.1428571428571,20826886,0.18041101055806938,500
12,7,3052,1119.482142857143,23854831,0.170682394602096,500
12,8,2440,972.5491071428571,19576279,0.17245273145406723,500
12,9,2737,976.6964285714286,24106783,0.1755507816070939,500
12,10,2142,871.2544642857143,19821508,0.19952756954514478,500
12,11,2806,950.1205357142857,20993365,0.17397228735075906,500
12,12,3072,1106.8080357142858,25118946,0.17015226378945245,500
12,13,3022,1090.142857142857,21740648,0.1750712554055825,500
12,14,2946,1082.9598214285713,23547548,0.1563423652935284,500
12,15,2220,824.4910714285714,22526213,0.18784314999512686,500
12,16,3010,926.6741071428571,22768598,0.16563651692159462,500
12,17,2915,1115.9419642857142,20235210,0.1538058414776114,500
12,18,2848,1049.4375,19307312,0.17310293779831032,500
12,19,2991,1061.9285714285713,22227553,0.18599078495997848,500
12,20,2884,1127.169642857143,24917001,0.15581061920264885,500
12,21,2056,847.5133928571429,23791373,0.18009618474212902,500
12,22,2388,895.8571428571429,22839390,0.1845897783447616,500
12,23,2792,1039.7723214285713,18449947,0.16683769197411866,500
12,24,2751,1044.40625,21850346,0.15606526264495804,500
12,25,2592,1056.8125,21969067,0.16867602206770696,500
12,26,2695,1019.1785714285714,23557250,0.1655701370151032,500
12,27,2982,1052.174107142857,22358226,0.15784069549869106,500
12,28,2507,1077.2901785714287,21215805,0.15762930302138717,500
12,29,2355,737.2276785714286,24829038,0.19452097929622925,500
12,30,2854,1014.1741071428571,17514381,0.17284912512380324,500
12,31,3016,1087.4285714285713,23153109,0.17200637151865475,500
12,32,2517,904.4285714285714,20872813,0.1848888406254936,500
12,33,2614,973.9375,20242048,0.1752596694199723,500
12,34,1895,773.9375,21468493,0.18766511692297044,500
12,35,2804,973.4196428571429,22660444,0.1856534859616778,500
12,36,2316,956.8303571428571,22081482,0.17618625484066627,500
12,37,2488,999.3660714285714,23885924,0.17874724155491428,500
12,38,2211,778.4866071428571,22231391,0.2205114089264312,500
12,39,2537,894.7991071428571,21180932,0.179913687729189,500
12,40,2920,1090.361607142857,22923235,0.1656969959998526,500
15,1,12302,3201.28125,24112588,0.06512598889674474,500
15,2,10371,2934.6696428571427,25139976,0.07318601813905799,500
15,3,11840,2909.910714285714,24665424,0.0737013285876469,500
15,4,12701,3234.370535714286,22473500,0.06823749929261462,500
15,5,11784,2820.21875,25927908,0.0723743883848929,500
15,6,11851,3442.1071428571427,23505536,0.06647324624658899,500
15,7,12017,3119.223214285714,25603482,0.070335734915687,500
15,8,9950,2777.3526785714284,19282586,0.07179884493037596,500
15,9,13517,3461.1875,21888256,0.06177431878509904,500
15,10,13461,3661.785714285714,26278563,0.05991417146201112,500
15,11,12927,3524.941964285714,24104635,0.06371685450748303,500
15,12,11379,2908.0625,24279884,0.07595723711479477,500
15,13,10344,3011.4821428571427,24920172,0.07405436335928559,500
15,14,11389,3278.191964285714,24910056,0.06914607491335463,500
15,15,11325,3211.65625,24699906,0.07119991215035633,500
15,16,11650,3150.2991071428573,22779951,0.07365938891856924,500
15,17,12619,3065.558035714286,25305433,0.0728339777336042,500
15,18,14063,3733.4508928571427,25065177,0.06252473714356092,500
15,19,10659,2690.9241071428573,24134371,0.07671786942549941,500
15,20,11945,3480.964285714286,25150115,0.07151651328141832,500
15,21,12610,3173.28125,24673276,0.07085809950549721,500
15,22,12261,3515.401785714286,25203121,0.06838783414819989,500
15,23,11077,3179.848214285714,27434143,0.06982869240726337,500
15,24,12032,3171.2276785714284,25660122,0.06964686670749133,500
15,25,12195,3429.839285714286,24543507,0.0628569643517241,500
15,26,11347,2647.8258928571427,25762825,0.07774741069576961,500
15,27,12026,3375.7946428571427,24316331,0.06874704104060154,500
15,28,11730,3020.6696428571427,26714563,0.07271625556064615,499
15,29,11845,3393.3125,24846913,0.06469921142162499,500
15,30,12422,3145.8035714285716,25461776,0.06965061164249425,500
15,31,12567,3364.0178571428573,26097833,0.06700639647530324,500
15,32,9854,2618.84375,21029805,0.07643947284532944,500
15,33,12093,3058.25,26076128,0.07287810489191998,500
15,34,13364,3604.245535714286,25213911,0.06608773631295434,500
15,35,11064,2954.3035714285716,22898722,0.07159198747589775,500
15,36,10984,2840.848214285714,25426972,0.07296456352636128,500
15,37,10450,2875.6116071428573,24629586,0.0769758607252805,500
15,38,11991,3173.526785714286,24221721,0.06953029386526369,500
15,39,11576,2911.8348214285716,25760241,0.07474883135480052,500
15,40,12295,3322.7276785714284,25649917,0.06524464221655239,500
18,1,12653,3434.4464285714284,25263292,0.06315870201581665,500
18,2,17462,3923.066964285714,28081962,0.0600318400668209,500
18,3,14196,3995.0803571428573,25334106,0.05567785378892343,500
18,4,14637,3195.9866071428573,27425338,0.06209238428218427,500
18,5,17575,4597.15625,25856230,0.05133219973916328,500
18,6,13055,3472.995535714286,27799205,0.06439994292699669,500
18,7,15915,4394.089285714285,25380354,0.054776302581796166,500
18,8,15589,3801.3571428571427,26256376,0.05942426576974389,500
18,9,16370,4235.901785714285,25146265,0.056860889378842844,500
18,10,16348,3651.0178571428573,26056163,0.062810273064752,500
18,11,16768,4296.669642857143,25697624,0.05510601026126963,500
18,12,17445,4141.209821428572,24096085,0.054094785534334236,500
18,13,18176,4652.089285714285,26080180,0.054689329295209144,500
18,14,17026,4145.754464285715,28394307,0.05576595678237956,500
18,15,16506,3657.5848214285716,27029219,0.06120598218721126,500
18,16,14757,3949.9508928571427,28064648,0.05772223660104273,500
18,17,12304,3408.660714285714,26220965,0.06333394452157058,500
18,18,17539,4507.727678571428,25561452,0.05216141724875239,500
18,19,16532,4099.857142857143,25629015,0.056108226767483185,500
18,20,14972,3913.6428571428573,26427671,0.05678852366264533,500
18,21,16254,4272.089285714285,26400726,0.05629250492189753,500
18,22,15729,3312.4196428571427,25681301,0.06737899302139405,500
18,23,14724,4034.6696428571427,24101859,0.05743079513944981,500
18,24,18262,4297.955357142857,26945792,0.05213234698392716,500
18,25,15724,3954.4866071428573,26254280,0.05767747980650369,500
18,26,15931,3564.6116071428573,26503428,0.0638218198987317,500
18,27,13886,3247.7276785714284,24526754,0.0709424583946743,500
18,28,16303,3616.2633928571427,27276104,0.06263988454933873,500
18,29,17994,4695.584821428572,25317204,0.050824720410796234,500
18,30,14296,3723.254464285714,26511006,0.06319596071505224,500
18,31,18135,4340.15625,27150211,0.05323829067213882,500
18,32,15348,3689.1428571428573,26963165,0.05649662135997522,500
18,33,15293,3719.910714285714,25078176,0.06261551016489451,500
18,34,13232,3211.5535714285716,27036319,0.0689544446112529,500
18,35,15771,4232.366071428572,26262067,0.0555666895205949,500
18,36,15128,3948.2678571428573,26780911,0.05890806547174846,500
18,37,16655,3753.09375,24631020,0.061028223144477235,500
18,38,15926,4213.022321428572,26920221,0.056861326011929426,500
18,39,13912,3738.933035714286,19507237,0.06031968153634357,500
18,40,15116,3798.8571428571427,26208354,0.05728109017749699,500
